startNum,gVScRatio,lifespanSkinCells,civiliansProductivity,guardsProductivity,armyPriority,bacteriaStartPercent,takingFoodEffectivity,lifespanBacteria,chanceOfKillingGuard,chanceOfKillingCivilian,numOfRounds,result
536,0.11,3,2,3,0.36,0.68,0.63,2,11,89,2,1
228,0.14,1,4,3,0.33,0.47,0.43,1,25,53,3,1
321,0.13,3,4,2,0.48,0.69,0.27,0,48,16,1,1
527,0.18,1,1,2,0.28,0.92,0.32,2,5,49,6,0
726,0.37,2,1,2,0.73,0.48,0.69,0,47,84,1,0
675,0.45,1,3,3,0.61,0.51,0.78,0,12,48,1,0
334,0.17,3,5,3,0.49,0.54,0.24,0,1,72,2,0
797,0.47,3,3,1,0.43,0.45,0.74,0,7,11,2,0
268,0.11,3,2,1,0.33,0.78,0.43,1,5,17,2,1
927,0.31,2,3,3,0.41,0.68,0.34,2,14,12,2,0
887,0.2,2,4,2,0.41,0.8,0.34,0,25,61,2,1
262,0.18,3,2,2,0.34,0.61,0.76,1,13,50,4,0
114,0.15,2,5,2,0.72,0.47,0.12,2,32,63,2,1
88,0.23,3,4,3,0.16,0.61,0.85,2,30,72,2,1
695,0.1,1,4,1,0.74,0.81,0.48,0,50,44,1,1
816,0.32,3,3,2,0.42,0.38,0.32,1,18,71,2,0
984,0.07,3,1,1,0.66,0.57,0.22,2,33,39,1,1
315,0.41,3,1,1,0.84,0.44,0.22,2,27,62,2,0
372,0.22,1,1,2,0.52,0.43,0.86,1,6,68,2,0
270,0.23,1,3,2,0.67,0.86,0.85,0,16,96,2,1
576,0.25,1,1,1,0.85,1.0,0.51,2,14,20,2,1
353,0.24,1,5,3,0.88,0.94,0.63,0,24,14,3,1
428,0.1,1,2,1,0.26,0.76,0.66,0,5,43,2,1
809,0.22,1,5,2,0.65,0.62,0.51,2,50,71,1,1
771,0.41,3,5,1,0.85,0.88,0.41,0,38,85,2,1
445,0.08,2,1,3,0.78,0.29,0.16,0,39,18,2,1
274,0.26,2,1,1,0.34,0.22,0.85,2,13,30,2,0
273,0.13,2,1,3,0.68,0.9,0.74,2,14,53,1,1
653,0.27,2,2,2,0.85,0.64,0.54,0,23,100,3,0
365,0.2,2,5,1,0.39,0.29,0.45,2,40,34,2,1
859,0.24,2,4,1,0.63,0.71,0.21,1,15,44,3,1
892,0.21,3,4,2,0.63,0.42,0.35,1,44,23,3,1
736,0.48,1,4,1,0.22,0.23,0.44,1,31,44,1,0
360,0.39,1,1,3,0.82,0.95,0.46,2,46,90,2,0
102,0.5,1,2,1,0.87,0.34,0.41,0,17,93,1,0
253,0.46,1,3,1,0.14,0.25,0.25,2,30,58,1,0
753,0.31,3,4,3,0.41,0.51,0.61,2,30,58,1,0
637,0.37,3,1,3,0.7,0.66,0.87,2,36,100,1,0
622,0.15,3,4,1,0.2,0.88,0.58,1,23,38,1,1
572,0.4,1,3,2,0.58,0.94,0.58,2,35,82,3,0
246,0.29,2,5,2,0.63,0.84,0.79,2,49,100,1,1
608,0.46,1,4,1,0.27,0.38,0.23,1,48,85,2,0
1000,0.46,1,2,1,0.25,0.77,0.12,1,2,23,3,0
744,0.46,1,2,2,0.43,0.7,0.71,0,46,32,2,0
439,0.09,1,1,1,0.32,0.58,0.52,0,25,78,1,1
600,0.2,3,3,2,0.87,0.28,0.81,0,23,3,1,0
727,0.26,3,2,3,0.89,0.81,0.8,1,41,58,3,0
808,0.21,2,1,2,0.22,0.67,0.3,0,8,50,3,0
675,0.19,1,4,1,0.63,0.25,0.81,0,48,56,2,1
538,0.24,2,3,2,0.12,0.57,0.37,1,18,68,2,0
666,0.19,2,2,2,0.32,0.2,0.17,2,25,53,1,0
702,0.36,3,3,1,0.21,0.88,0.47,0,32,46,2,1
907,0.34,2,5,3,0.69,0.81,0.79,1,24,38,2,0
594,0.21,2,4,3,0.46,0.84,0.19,2,10,29,3,0
788,0.27,1,3,3,0.45,0.45,0.16,1,12,95,1,0
714,0.14,3,1,2,0.38,0.95,0.33,2,43,13,1,1
447,0.08,2,3,2,0.6,0.94,0.8,2,29,86,1,1
617,0.46,2,1,2,0.4,0.7,0.15,2,30,68,2,0
51,0.06,3,5,3,0.68,0.65,0.89,1,1,100,3,1
589,0.22,1,4,3,0.4,0.44,0.11,1,21,25,1,0
152,0.17,1,2,3,0.68,0.63,0.46,2,3,14,2,0
781,0.14,3,3,3,0.9,0.86,0.88,1,32,75,1,1
959,0.38,2,5,3,0.64,0.64,0.19,0,2,55,1,0
179,0.47,1,5,3,0.25,0.91,0.85,2,46,23,2,0
271,0.47,3,1,1,0.45,0.46,0.23,0,50,78,2,0
835,0.23,1,1,1,0.85,0.72,0.62,0,42,6,1,1
940,0.36,2,1,2,0.47,0.99,0.82,1,13,14,3,0
929,0.27,3,5,3,0.66,0.83,0.13,2,45,38,2,0
561,0.39,3,2,3,0.15,0.33,0.15,1,35,57,1,0
493,0.45,2,3,2,0.16,0.82,0.87,0,34,2,2,0
745,0.35,1,5,2,0.26,0.77,0.9,0,35,8,2,1
294,0.2,3,1,3,0.6,0.94,0.72,1,35,17,1,1
68,0.49,2,2,2,0.16,0.85,0.36,0,25,29,2,0
831,0.18,3,5,1,0.81,0.42,0.89,2,37,35,1,1
53,0.42,3,2,2,0.72,0.44,0.68,0,6,23,1,0
252,0.2,1,5,2,0.33,0.96,0.78,1,36,4,1,1
775,0.29,3,2,3,0.6,0.48,0.21,2,44,31,1,0
88,0.27,2,1,1,0.17,0.54,0.83,1,31,90,2,1
151,0.25,1,4,3,0.52,0.86,0.69,1,43,69,1,1
303,0.2,1,5,3,0.36,0.45,0.34,1,50,91,2,0
576,0.14,3,4,3,0.72,0.4,0.78,0,33,91,2,1
516,0.42,2,1,1,0.52,0.99,0.12,1,48,21,1,1
327,0.23,2,5,3,0.42,0.6,0.12,0,24,60,2,0
556,0.26,2,3,3,0.83,0.94,0.56,1,37,44,2,1
173,0.48,2,2,3,0.14,0.89,0.53,0,47,24,1,0
286,0.38,1,4,2,0.46,0.64,0.85,1,2,65,2,0
136,0.37,2,1,2,0.83,0.85,0.53,0,24,21,2,0
785,0.07,3,2,3,0.3,0.22,0.79,2,49,61,2,1
147,0.16,1,2,3,0.39,0.96,0.4,0,45,51,1,1
346,0.35,1,5,1,0.89,0.76,0.54,1,46,91,1,1
566,0.2,1,4,3,0.57,0.71,0.14,2,26,72,3,1
910,0.08,3,1,3,0.87,0.86,0.33,0,38,19,1,1
859,0.43,3,3,3,0.63,0.28,0.5,0,37,26,1,0
451,0.21,2,3,2,0.5,0.45,0.34,2,46,32,2,0
496,0.33,1,1,3,0.42,0.4,0.28,0,22,75,1,0
817,0.24,1,2,3,0.73,0.54,0.1,2,49,73,2,0
85,0.5,3,2,2,0.82,0.41,0.33,0,9,46,1,0
204,0.32,2,5,1,0.16,0.99,0.77,1,8,39,3,1
626,0.42,3,5,3,0.54,0.74,0.75,0,12,46,2,0
779,0.06,3,5,2,0.52,0.36,0.65,2,22,74,1,1
690,0.49,2,3,2,0.78,0.94,0.65,0,48,64,2,0
624,0.14,1,2,1,0.16,0.8,0.59,1,39,27,1,1
726,0.28,1,5,2,0.49,0.86,0.61,0,15,61,3,1
660,0.35,3,4,2,0.78,0.86,0.14,0,37,95,3,0
81,0.14,3,4,1,0.86,0.86,0.62,0,5,93,2,1
256,0.15,3,1,1,0.58,0.36,0.43,2,2,33,4,0
770,0.35,1,1,1,0.3,0.49,0.48,0,36,30,3,0
169,0.16,2,4,1,0.72,0.99,0.57,2,38,15,1,1
816,0.5,3,2,1,0.61,0.94,0.46,0,32,11,3,1
903,0.41,1,2,3,0.39,0.55,0.48,1,14,97,1,0
97,0.47,3,1,1,0.2,0.6,0.62,2,3,37,2,0
265,0.16,3,3,3,0.71,0.41,0.59,0,31,53,2,0
753,0.11,1,1,2,0.59,0.31,0.48,2,4,99,2,0
389,0.27,1,5,3,0.88,0.64,0.4,0,37,50,3,0
308,0.12,1,2,2,0.58,0.7,0.79,1,49,81,1,1
432,0.49,3,3,1,0.73,0.44,0.36,2,27,99,2,0
738,0.18,1,5,1,0.33,0.34,0.16,2,32,65,2,1
393,0.12,3,1,3,0.62,0.7,0.49,0,7,49,3,1
570,0.33,3,1,1,0.31,0.5,0.69,0,36,84,3,0
765,0.46,1,5,2,0.83,0.23,0.46,1,24,60,1,0
179,0.25,2,2,2,0.5,0.71,0.53,0,27,42,5,0
375,0.1,2,3,1,0.89,0.69,0.18,1,44,29,1,1
794,0.49,1,2,1,0.86,0.89,0.42,1,37,43,3,1
850,0.35,2,3,3,0.22,0.68,0.61,2,49,61,1,0
560,0.06,3,1,3,0.21,0.54,0.7,1,22,55,1,1
476,0.4,2,2,2,0.37,0.27,0.79,2,24,94,1,0
894,0.14,3,5,2,0.24,0.79,0.82,0,11,8,2,1
651,0.37,1,4,1,0.46,0.57,0.67,2,23,26,5,1
549,0.13,2,4,1,0.65,0.87,0.71,1,11,58,1,1
60,0.49,2,4,3,0.78,0.66,0.45,1,27,96,1,0
167,0.23,2,4,2,0.12,0.37,0.43,2,3,73,2,0
956,0.23,3,4,3,0.3,0.63,0.76,2,21,35,3,0
663,0.2,2,2,1,0.45,0.26,0.37,2,46,43,3,1
817,0.42,2,4,2,0.13,0.86,0.66,0,24,91,2,0
374,0.14,1,3,1,0.9,0.45,0.49,0,44,38,1,1
723,0.19,1,1,3,0.27,0.62,0.22,0,38,23,3,0
892,0.47,3,4,3,0.71,0.92,0.87,1,10,60,1,0
973,0.17,1,2,2,0.8,0.74,0.11,0,44,3,1,1
409,0.4,3,5,3,0.25,0.95,0.23,1,37,87,2,0
614,0.28,2,2,3,0.14,0.7,0.73,0,17,8,2,0
955,0.26,3,3,2,0.27,0.46,0.37,1,40,20,2,0
550,0.09,2,3,1,0.72,0.23,0.85,2,47,80,1,1
719,0.15,3,2,1,0.1,0.31,0.1,1,6,82,3,0
369,0.37,3,1,2,0.55,0.84,0.79,2,41,100,2,0
866,0.4,1,2,1,0.13,0.65,0.75,1,18,37,4,0
442,0.25,1,3,3,0.75,0.9,0.41,1,17,58,3,1
849,0.08,1,5,1,0.71,0.75,0.43,1,27,62,1,1
51,0.2,1,3,1,0.86,0.77,0.84,1,21,47,2,1
200,0.19,2,4,3,0.86,0.39,0.31,0,32,91,1,0
851,0.44,1,3,1,0.69,0.72,0.4,1,39,100,3,1
650,0.08,2,5,1,0.83,0.91,0.24,0,25,76,1,1
492,0.24,3,4,1,0.81,0.27,0.23,0,18,88,2,0
586,0.14,2,4,1,0.51,0.3,0.24,1,21,7,2,1
299,0.25,1,4,1,0.86,0.77,0.86,2,1,50,9,0
684,0.31,1,1,2,0.21,0.25,0.41,2,21,4,1,0
271,0.45,1,1,3,0.23,0.49,0.5,0,25,65,1,0
500,0.05,3,4,2,0.45,0.85,0.18,2,26,94,1,1
612,0.21,2,5,1,0.58,0.22,0.7,0,43,20,2,1
285,0.05,2,5,3,0.17,0.69,0.61,1,7,91,1,1
119,0.1,2,5,1,0.48,0.97,0.48,1,6,84,1,1
547,0.33,2,1,2,0.29,0.9,0.82,0,2,65,2,0
252,0.42,3,3,2,0.78,0.53,0.25,0,20,97,1,0
771,0.32,3,3,2,0.12,0.32,0.48,1,50,96,1,0
995,0.25,2,5,3,0.85,0.8,0.87,2,49,18,1,1
139,0.28,3,1,3,0.21,0.23,0.26,2,3,78,1,0
446,0.37,1,5,3,0.45,0.26,0.13,0,43,51,1,0
421,0.06,2,3,1,0.37,0.24,0.8,2,35,58,1,1
287,0.41,2,5,2,0.35,0.58,0.44,1,29,13,2,0
311,0.17,2,4,2,0.49,0.74,0.46,1,41,87,1,1
239,0.35,1,5,1,0.62,0.26,0.33,0,44,100,2,0
498,0.23,1,4,1,0.68,0.93,0.56,0,19,86,1,1
423,0.09,1,5,2,0.51,0.69,0.6,0,31,75,1,1
280,0.3,3,4,1,0.47,0.78,0.58,0,1,74,6,0
292,0.43,3,2,2,0.36,0.35,0.1,1,9,4,1,0
827,0.43,3,3,1,0.52,0.65,0.11,1,38,18,4,0
638,0.48,3,1,3,0.27,0.37,0.18,0,6,45,1,0
396,0.34,1,1,3,0.44,0.91,0.39,0,38,33,2,0
482,0.29,1,2,2,0.59,0.66,0.7,1,25,85,2,0
416,0.43,2,2,2,0.2,0.79,0.37,0,23,92,2,0
341,0.49,3,1,1,0.69,0.55,0.85,0,28,37,2,0
167,0.43,3,5,2,0.15,0.63,0.63,0,44,43,2,0
674,0.37,1,2,3,0.47,0.57,0.3,2,2,32,1,0
503,0.44,3,2,1,0.2,0.61,0.72,0,49,59,4,0
855,0.35,2,2,2,0.58,0.58,0.34,1,40,94,2,0
326,0.42,1,3,2,0.73,0.25,0.59,1,14,84,1,0
133,0.46,1,5,3,0.69,0.93,0.31,0,42,52,1,0
851,0.25,2,1,1,0.51,0.83,0.66,0,8,52,5,1
799,0.41,2,1,2,0.12,0.42,0.52,1,40,36,1,0
583,0.44,1,1,2,0.33,0.43,0.85,1,41,39,1,0
804,0.47,2,2,1,0.42,0.6,0.55,2,2,15,2,0
947,0.32,3,4,1,0.19,0.28,0.4,2,13,91,2,0
219,0.26,1,3,1,0.42,0.38,0.79,0,25,88,2,1
563,0.11,2,2,3,0.71,0.86,0.7,0,40,83,1,1
314,0.34,3,2,3,0.1,0.82,0.38,0,38,10,2,0
195,0.46,3,3,2,0.42,0.91,0.23,2,39,16,2,0
963,0.19,1,5,2,0.58,0.38,0.44,0,30,29,2,0
942,0.1,3,3,1,0.73,0.76,0.24,0,45,54,1,1
242,0.3,1,2,2,0.85,0.3,0.57,2,35,52,1,0
931,0.09,1,4,3,0.15,0.78,0.36,0,18,99,1,1
157,0.39,3,5,2,0.65,0.47,0.88,2,22,80,1,0
246,0.2,3,5,3,0.64,0.22,0.34,0,11,95,1,0
245,0.33,3,5,1,0.79,0.41,0.15,2,5,71,2,0
543,0.29,1,3,3,0.56,0.23,0.67,0,6,65,1,0
472,0.18,2,1,1,0.58,0.7,0.22,2,5,39,5,1
317,0.24,2,5,3,0.68,0.43,0.84,0,37,9,2,0
706,0.07,3,1,3,0.59,0.8,0.37,1,23,77,1,1
675,0.09,2,1,2,0.88,0.53,0.84,2,42,44,1,1
958,0.1,2,1,2,0.27,0.39,0.13,0,50,6,1,1
917,0.24,2,5,2,0.89,0.65,0.57,1,33,74,2,1
723,0.37,3,3,3,0.12,0.78,0.75,1,45,97,1,0
271,0.48,2,2,3,0.74,0.49,0.58,2,15,4,1,0
473,0.1,2,4,3,0.52,0.25,0.21,0,50,65,2,1
420,0.44,3,5,2,0.17,0.61,0.17,1,7,9,1,0
854,0.27,3,1,2,0.43,0.85,0.51,2,47,61,1,1
166,0.25,2,5,1,0.85,0.76,0.21,0,32,15,1,1
137,0.05,3,4,2,0.23,0.77,0.31,0,2,59,3,1
514,0.3,2,4,2,0.44,0.67,0.6,0,50,55,3,1
485,0.33,1,1,2,0.56,0.68,0.29,2,45,71,2,0
245,0.41,3,5,3,0.53,0.54,0.58,2,6,70,1,0
772,0.4,3,3,3,0.14,0.25,0.78,2,31,47,1,0
719,0.25,1,2,1,0.87,0.94,0.67,0,37,26,1,1
652,0.4,2,3,3,0.24,0.48,0.88,0,11,29,1,0
279,0.08,2,2,3,0.61,0.95,0.72,2,18,68,1,1
288,0.31,2,2,3,0.33,0.62,0.43,1,18,94,1,0
715,0.37,2,2,1,0.18,0.52,0.23,0,7,25,2,0
954,0.44,3,5,3,0.55,0.77,0.37,1,10,96,1,0
188,0.36,2,2,3,0.22,0.35,0.81,0,18,42,1,0
910,0.17,1,5,1,0.14,0.86,0.73,2,39,89,1,1
898,0.14,2,1,3,0.85,0.8,0.28,0,41,89,1,1
111,0.07,1,5,1,0.43,0.86,0.18,1,12,61,1,1
836,0.1,1,4,2,0.43,0.64,0.75,1,46,14,1,1
392,0.44,3,3,1,0.41,0.45,0.63,2,48,57,2,0
297,0.15,3,2,1,0.38,0.67,0.62,1,23,92,1,1
838,0.22,1,1,1,0.48,0.2,0.54,2,5,70,2,0
704,0.45,3,2,3,0.22,0.23,0.25,1,39,72,1,0
50,0.45,3,2,2,0.17,0.24,0.15,1,46,27,1,0
545,0.27,3,1,2,0.12,0.78,0.8,2,10,23,3,0
265,0.25,1,5,3,0.2,0.59,0.42,1,8,29,3,0
145,0.23,1,4,2,0.83,0.46,0.31,0,16,4,2,0
160,0.34,2,3,1,0.2,0.89,0.64,0,44,54,1,1
257,0.41,3,2,2,0.68,0.46,0.64,1,25,86,1,0
291,0.46,3,5,1,0.16,0.24,0.14,1,37,50,1,0
625,0.19,2,2,3,0.41,1.0,0.29,2,3,75,3,0
299,0.31,3,3,3,0.36,0.98,0.84,1,19,1,2,0
542,0.42,2,1,2,0.17,0.73,0.81,2,9,50,2,0
240,0.16,3,2,3,0.76,0.63,0.26,0,43,12,1,1
611,0.36,3,2,2,0.55,0.76,0.83,0,25,15,2,0
619,0.3,1,4,2,0.53,0.23,0.62,2,17,33,1,0
634,0.1,3,4,1,0.14,0.47,0.25,0,26,38,1,1
721,0.17,1,4,3,0.38,0.67,0.22,1,15,58,3,0
662,0.4,1,3,3,0.79,1.0,0.89,1,33,64,2,0
802,0.44,1,5,2,0.39,0.56,0.59,2,13,55,1,0
599,0.14,3,1,3,0.29,0.46,0.85,1,50,26,3,0
562,0.15,3,5,3,0.81,0.9,0.81,0,30,64,1,1
250,0.19,2,2,3,0.42,0.99,0.44,1,29,95,1,1
491,0.09,3,5,1,0.78,0.28,0.34,2,4,41,6,1
826,0.23,3,5,3,0.44,0.42,0.1,1,50,73,1,0
908,0.5,1,1,3,0.7,0.85,0.55,2,42,87,1,0
72,0.39,2,5,3,0.64,0.64,0.46,2,45,87,1,0
620,0.33,2,1,1,0.44,0.82,0.29,0,14,63,6,1
864,0.18,1,2,1,0.66,0.43,0.61,2,31,70,2,1
890,0.21,1,1,2,0.86,0.46,0.85,2,9,78,2,0
623,0.13,3,5,1,0.51,0.43,0.62,0,19,4,1,1
452,0.27,1,4,2,0.49,0.73,0.31,0,50,35,1,1
113,0.33,1,1,3,0.64,0.91,0.38,0,36,100,2,0
915,0.08,2,1,2,0.47,0.7,0.38,0,18,32,1,1
376,0.38,1,4,3,0.49,0.21,0.84,0,36,20,1,0
223,0.17,3,5,1,0.68,0.43,0.61,1,19,48,2,1
594,0.32,1,2,3,0.14,0.88,0.16,0,17,72,2,0
179,0.38,1,5,3,0.71,0.52,0.65,2,46,47,1,0
323,0.25,2,5,1,0.3,0.5,0.4,0,46,68,2,1
866,0.32,1,1,2,0.11,0.41,0.79,2,24,29,1,0
647,0.29,2,2,1,0.17,0.7,0.68,0,45,46,1,1
856,0.41,2,4,3,0.48,0.31,0.75,0,41,55,1,0
207,0.17,2,4,3,0.21,0.22,0.51,1,5,1,1,0
762,0.08,2,5,3,0.35,0.84,0.15,1,29,32,1,1
76,0.21,3,1,1,0.79,0.42,0.31,0,33,14,2,1
574,0.06,3,2,3,0.59,0.51,0.21,1,7,6,2,1
182,0.36,3,1,2,0.85,0.72,0.72,0,45,68,2,0
878,0.37,3,4,3,0.42,0.49,0.17,2,20,50,1,0
866,0.22,2,5,2,0.28,0.97,0.33,2,15,11,2,1
124,0.18,2,1,1,0.39,0.43,0.89,2,2,84,4,0
316,0.07,3,4,3,0.68,0.2,0.77,2,49,71,1,1
75,0.23,3,3,3,0.5,0.54,0.28,1,28,16,2,0
815,0.18,2,2,1,0.52,0.35,0.17,2,1,70,3,0
250,0.11,1,3,2,0.16,0.36,0.7,0,41,28,2,1
803,0.16,1,2,2,0.11,0.51,0.49,0,14,92,3,1
260,0.49,3,4,1,0.89,0.91,0.66,0,27,78,5,1
867,0.27,3,3,1,0.1,0.54,0.45,1,13,12,5,0
516,0.38,1,4,1,0.7,0.93,0.22,1,37,40,2,1
494,0.08,2,3,1,0.23,0.48,0.79,0,28,65,1,1
861,0.32,2,5,3,0.24,0.99,0.51,1,18,3,2,0
919,0.3,2,1,2,0.84,0.92,0.51,1,11,1,3,0
790,0.4,3,2,3,0.42,0.42,0.24,1,25,21,1,0
165,0.11,2,2,3,0.67,1.0,0.58,1,39,58,1,1
949,0.08,3,3,1,0.63,0.77,0.88,0,42,81,1,1
801,0.38,3,2,1,0.58,0.32,0.56,0,31,73,2,0
545,0.26,1,4,1,0.74,0.77,0.18,2,40,84,1,1
453,0.38,3,5,3,0.57,0.47,0.45,2,50,64,1,0
405,0.31,1,3,2,0.44,0.73,0.25,1,1,37,2,0
995,0.27,3,5,3,0.49,0.41,0.71,0,41,76,2,0
930,0.22,3,1,2,0.8,0.51,0.48,0,12,21,2,0
258,0.38,3,1,2,0.45,0.83,0.58,2,9,63,2,0
645,0.06,3,5,1,0.42,0.8,0.56,1,12,42,1,1
548,0.19,3,1,2,0.89,0.56,0.39,2,24,8,5,0
853,0.12,3,2,3,0.41,0.39,0.9,2,4,18,3,0
629,0.19,1,2,2,0.55,0.93,0.83,1,24,1,1,1
223,0.07,2,4,1,0.61,0.84,0.6,0,36,36,1,1
250,0.24,1,3,1,0.84,0.78,0.18,2,14,38,2,1
510,0.43,2,4,3,0.89,0.55,0.49,2,13,20,1,0
776,0.41,3,5,2,0.64,0.37,0.31,0,22,68,1,0
187,0.23,1,2,1,0.67,0.8,0.9,0,41,40,1,1
682,0.16,2,1,2,0.77,0.94,0.43,0,50,39,1,1
787,0.09,2,3,3,0.67,0.38,0.87,2,50,60,1,1
669,0.14,2,5,1,0.16,0.87,0.65,1,7,85,2,1
852,0.18,1,2,1,0.16,0.74,0.75,1,39,35,1,1
250,0.36,1,2,3,0.61,0.69,0.63,0,15,74,1,0
617,0.33,1,1,1,0.17,0.5,0.72,1,38,25,4,0
968,0.08,3,1,2,0.79,0.3,0.65,1,20,82,2,1
503,0.25,3,2,3,0.48,0.37,0.6,1,14,83,1,0
245,0.42,3,4,2,0.56,0.37,0.24,2,10,83,1,0
524,0.45,2,4,1,0.42,0.82,0.62,0,25,56,2,1
991,0.31,2,4,1,0.48,0.8,0.6,0,1,93,4,0
507,0.05,3,2,3,0.18,0.74,0.32,2,30,51,1,1
370,0.27,2,2,3,0.14,0.53,0.14,1,33,25,1,0
872,0.26,2,3,2,0.14,0.77,0.53,2,14,40,4,0
562,0.24,1,1,1,0.58,0.92,0.64,1,23,16,2,1
233,0.18,1,5,2,0.86,0.53,0.75,2,19,89,2,1
600,0.22,2,5,2,0.71,0.38,0.19,1,50,37,2,1
345,0.43,3,2,1,0.59,0.37,0.63,0,7,85,2,0
855,0.09,1,5,1,0.62,0.2,0.36,0,40,99,1,1
655,0.06,2,3,1,0.81,0.65,0.89,1,31,86,1,1
62,0.21,3,4,3,0.88,0.58,0.32,2,11,87,2,0
799,0.1,1,1,2,0.55,0.36,0.24,0,1,20,3,0
758,0.35,3,2,2,0.37,0.31,0.33,2,46,70,1,0
169,0.35,1,2,3,0.26,0.93,0.65,1,48,34,2,0
629,0.32,2,2,2,0.85,0.27,0.86,1,49,77,1,0
185,0.21,3,5,2,0.11,0.5,0.84,0,8,92,4,0
202,0.42,2,5,2,0.43,0.95,0.16,1,47,84,3,1
775,0.47,2,1,3,0.61,0.79,0.75,2,26,71,1,0
246,0.14,1,5,2,0.5,0.43,0.32,2,24,93,5,0
232,0.12,1,1,3,0.2,0.61,0.89,2,3,43,3,0
710,0.35,2,1,1,0.57,0.48,0.34,1,12,98,2,0
683,0.24,3,4,1,0.84,0.23,0.42,1,40,1,3,0
149,0.08,2,1,3,0.42,0.96,0.63,1,41,34,1,1
519,0.26,1,5,1,0.37,0.72,0.42,2,10,2,4,1
368,0.5,2,4,2,0.66,0.6,0.77,0,33,39,1,0
625,0.47,2,4,2,0.6,0.55,0.27,2,31,73,1,0
130,0.24,3,2,1,0.23,0.71,0.14,2,43,7,1,1
404,0.44,3,3,3,0.78,0.59,0.13,0,9,10,1,0
364,0.33,2,3,3,0.23,0.69,0.78,0,2,69,2,0
418,0.21,1,5,2,0.54,0.69,0.35,2,28,42,1,1
233,0.14,2,4,1,0.75,0.4,0.51,1,9,13,2,1
713,0.35,1,4,1,0.3,0.92,0.48,2,34,80,2,1
324,0.21,1,3,3,0.28,0.39,0.22,0,12,41,1,0
627,0.46,1,3,3,0.3,0.32,0.59,2,43,20,1,0
764,0.27,3,5,3,0.44,0.81,0.24,0,36,39,3,1
855,0.42,1,1,1,0.17,0.2,0.71,0,44,25,1,0
97,0.09,1,4,2,0.24,0.83,0.78,0,33,64,1,1
272,0.07,1,3,2,0.78,0.61,0.28,2,30,72,1,1
189,0.41,3,5,1,0.49,0.73,0.74,1,42,90,2,1
460,0.09,2,4,3,0.51,0.41,0.25,0,23,15,1,1
882,0.25,1,2,1,0.75,0.42,0.9,0,21,6,7,0
219,0.12,3,2,3,0.53,0.55,0.6,0,27,17,1,1
651,0.44,3,4,3,0.37,0.94,0.63,2,24,67,1,0
222,0.1,2,4,3,0.56,0.95,0.77,2,11,77,2,1
840,0.3,1,1,2,0.28,0.96,0.9,1,44,22,1,1
507,0.38,1,2,2,0.32,0.71,0.78,2,15,91,2,0
264,0.33,2,4,1,0.42,0.32,0.59,0,44,84,2,0
127,0.45,1,1,1,0.22,0.46,0.18,2,37,64,2,0
699,0.34,2,5,1,0.76,0.6,0.71,1,20,33,4,1
194,0.22,1,5,3,0.55,0.61,0.48,0,21,19,2,0
483,0.49,2,3,3,0.62,0.26,0.87,2,25,69,1,0
903,0.4,3,4,2,0.28,0.37,0.62,0,45,38,1,0
750,0.32,1,1,1,0.58,0.21,0.7,2,9,98,1,0
306,0.18,2,3,3,0.66,0.25,0.59,1,49,2,1,0
673,0.45,1,3,3,0.8,0.55,0.29,0,21,69,1,0
913,0.41,3,3,3,0.9,0.36,0.11,2,18,93,1,0
392,0.05,1,5,2,0.85,0.93,0.3,1,50,70,1,1
679,0.13,1,5,1,0.66,0.44,0.68,0,48,51,1,1
633,0.15,2,2,3,0.75,0.68,0.24,2,48,99,1,1
391,0.4,3,4,1,0.48,0.58,0.62,0,30,60,3,0
76,0.11,1,3,2,0.74,0.78,0.28,2,35,37,1,1
842,0.16,1,4,2,0.72,0.53,0.6,2,5,26,3,0
674,0.34,1,5,3,0.61,0.54,0.75,0,47,27,1,0
757,0.15,3,1,2,0.47,0.84,0.87,1,50,27,1,1
565,0.07,3,4,3,0.52,0.84,0.75,2,43,10,1,1
311,0.42,3,4,1,0.1,0.51,0.23,0,31,59,3,0
387,0.05,3,5,2,0.79,0.52,0.86,0,14,57,1,1
318,0.06,3,5,1,0.17,0.37,0.79,1,39,37,1,1
311,0.31,2,5,3,0.43,0.93,0.51,1,39,13,3,0
383,0.44,2,5,2,0.9,0.2,0.22,1,31,46,1,0
894,0.42,2,3,3,0.31,0.49,0.69,0,43,15,1,0
192,0.14,3,2,1,0.11,0.75,0.49,0,20,99,1,1
304,0.39,3,5,1,0.56,0.63,0.35,0,18,86,5,1
593,0.09,1,2,2,0.65,0.97,0.16,0,19,32,1,1
126,0.49,2,4,2,0.11,0.58,0.81,0,28,84,1,0
577,0.16,3,2,2,0.3,0.46,0.35,0,10,34,3,0
842,0.45,3,1,2,0.35,0.3,0.43,0,6,3,1,0
875,0.24,3,5,2,0.4,0.76,0.29,1,18,53,3,1
56,0.39,2,5,2,0.45,0.42,0.63,1,3,78,1,0
805,0.26,2,2,3,0.41,0.48,0.89,2,8,74,1,0
149,0.5,3,2,2,0.49,0.34,0.59,0,31,55,1,0
215,0.36,2,1,2,0.22,0.36,0.46,1,27,39,1,0
104,0.41,3,1,2,0.76,0.51,0.24,0,11,84,1,0
293,0.45,3,2,2,0.41,0.23,0.51,0,11,85,1,0
365,0.22,1,5,2,0.86,0.55,0.38,0,13,35,4,1
921,0.49,3,2,1,0.17,0.93,0.16,2,10,83,3,0
623,0.48,3,3,3,0.18,0.7,0.18,0,39,64,1,0
895,0.38,1,4,3,0.46,0.61,0.2,2,21,38,1,0
610,0.33,1,4,2,0.68,0.61,0.23,1,20,91,2,0
521,0.13,1,2,1,0.69,0.23,0.71,2,46,71,2,1
639,0.3,1,3,3,0.34,0.45,0.21,2,1,24,1,0
750,0.45,3,2,2,0.29,0.8,0.24,0,39,73,2,0
242,0.28,2,3,1,0.58,0.87,0.19,1,40,45,1,1
390,0.23,1,3,3,0.33,0.83,0.25,2,40,29,2,1
806,0.48,1,5,2,0.86,0.25,0.22,2,36,68,1,0
806,0.23,1,2,3,0.38,0.31,0.26,0,49,56,1,0
107,0.49,1,3,1,0.42,0.66,0.33,0,46,92,3,0
280,0.18,3,3,1,0.86,0.81,0.38,0,1,7,10,1
451,0.12,1,3,3,0.11,0.89,0.51,0,15,55,1,1
627,0.07,3,2,1,0.18,0.63,0.37,1,29,87,1,1
362,0.31,3,5,3,0.22,0.97,0.64,0,1,100,2,0
873,0.2,3,5,2,0.3,0.89,0.34,2,21,16,2,1
367,0.34,1,2,3,0.56,0.77,0.23,2,26,38,2,0
751,0.21,1,2,2,0.41,0.97,0.59,2,16,28,2,1
797,0.36,2,3,2,0.15,0.53,0.32,1,15,41,2,0
229,0.31,1,2,3,0.82,0.41,0.41,0,8,49,1,0
174,0.48,1,1,3,0.45,0.77,0.33,0,8,94,1,0
580,0.31,3,4,2,0.55,0.25,0.67,2,17,75,1,0
134,0.45,1,2,3,0.58,0.47,0.47,2,40,46,1,0
576,0.39,3,2,1,0.3,0.54,0.8,1,4,32,3,0
280,0.31,1,5,2,0.11,0.51,0.34,0,22,12,2,0
199,0.45,1,3,1,0.58,0.63,0.71,1,14,65,3,0
800,0.32,2,4,1,0.18,0.54,0.55,1,35,51,2,1
654,0.33,1,1,2,0.6,0.46,0.12,1,8,14,1,0
121,0.17,3,3,3,0.23,0.66,0.72,2,21,75,2,1
98,0.37,1,2,2,0.34,0.25,0.74,2,36,86,1,0
820,0.23,1,2,3,0.24,0.89,0.67,2,19,87,4,1
505,0.15,1,1,2,0.11,0.26,0.26,2,43,42,2,0
947,0.43,2,5,2,0.69,0.44,0.17,2,32,59,1,0
859,0.11,3,5,2,0.13,0.9,0.18,1,26,86,1,1
472,0.3,1,3,3,0.7,0.91,0.42,0,50,81,2,0
813,0.09,3,1,1,0.45,0.34,0.43,1,20,85,2,1
603,0.5,2,4,1,0.35,0.62,0.45,1,24,87,2,0
315,0.38,3,5,1,0.51,0.51,0.73,1,43,5,2,1
93,0.09,3,1,1,0.39,0.71,0.84,2,5,93,2,1
343,0.5,2,3,2,0.22,0.74,0.88,1,12,55,1,0
83,0.47,1,4,2,0.42,0.3,0.45,1,29,8,1,0
207,0.44,2,2,2,0.38,0.38,0.7,2,17,6,1,0
407,0.09,1,2,1,0.69,0.77,0.3,1,8,47,1,1
364,0.26,2,5,2,0.44,0.9,0.8,2,32,23,2,1
136,0.22,3,3,2,0.25,0.96,0.1,0,24,70,2,1
263,0.13,3,3,1,0.24,0.71,0.65,0,29,20,1,1
420,0.07,2,5,3,0.16,0.32,0.64,1,44,43,1,1
738,0.24,3,4,2,0.21,0.84,0.55,2,26,44,2,1
364,0.14,1,4,2,0.58,0.97,0.9,2,48,84,1,1
755,0.34,1,4,1,0.55,0.91,0.24,2,19,41,3,1
508,0.19,2,5,2,0.8,0.6,0.53,0,14,12,2,1
279,0.26,1,3,2,0.54,0.84,0.1,0,5,3,3,0
575,0.2,1,4,3,0.19,0.77,0.25,1,37,13,1,1
501,0.5,3,4,3,0.74,0.26,0.89,1,41,87,1,0
645,0.25,3,5,2,0.6,0.36,0.34,0,29,67,2,0
438,0.05,1,2,1,0.7,0.47,0.49,1,33,49,1,1
762,0.36,3,3,2,0.86,0.71,0.69,0,7,79,2,0
580,0.48,1,4,3,0.36,0.24,0.28,0,40,100,1,0
350,0.42,1,2,2,0.8,0.61,0.78,1,46,95,1,0
333,0.25,2,3,1,0.19,0.53,0.74,2,22,49,3,1
209,0.39,2,1,1,0.13,0.35,0.11,2,24,37,2,0
634,0.41,2,2,2,0.61,0.97,0.82,1,15,48,3,0
374,0.4,1,2,1,0.3,0.34,0.13,2,44,33,2,0
776,0.39,3,1,3,0.33,0.36,0.18,0,48,60,1,0
466,0.13,3,2,2,0.16,0.42,0.88,0,30,3,1,1
140,0.41,3,4,1,0.17,0.6,0.84,1,49,98,4,0
998,0.47,1,5,1,0.79,0.85,0.83,1,15,39,5,1
371,0.14,2,1,2,0.56,0.3,0.56,1,4,15,2,0
124,0.14,1,2,3,0.1,0.34,0.59,0,14,23,2,0
481,0.4,3,2,2,0.55,0.32,0.8,1,28,3,1,0
327,0.23,1,2,1,0.7,0.38,0.37,0,11,31,4,0
948,0.18,3,2,3,0.71,0.72,0.51,2,24,68,2,1
536,0.45,2,4,1,0.5,0.74,0.59,0,46,72,3,1
267,0.23,3,5,1,0.82,0.44,0.65,2,20,26,2,1
225,0.07,3,3,2,0.79,0.37,0.54,1,41,71,1,1
565,0.23,1,5,2,0.72,0.76,0.72,1,9,6,3,1
665,0.47,2,1,3,0.67,0.93,0.67,2,36,20,1,0
379,0.14,2,2,2,0.86,0.93,0.5,0,8,50,2,1
987,0.17,2,3,1,0.46,0.89,0.19,1,50,10,1,1
953,0.43,2,2,2,0.68,0.58,0.71,1,15,66,1,0
670,0.33,2,5,1,0.54,0.5,0.9,0,7,46,3,0
165,0.18,1,1,2,0.75,0.87,0.5,1,4,20,5,0
936,0.05,1,5,2,0.63,0.4,0.25,1,22,70,1,1
152,0.5,1,3,3,0.31,0.97,0.31,2,35,92,1,0
120,0.15,2,1,3,0.1,0.43,0.22,1,48,69,2,0
891,0.29,3,3,1,0.25,0.2,0.82,0,25,75,1,0
218,0.47,2,2,1,0.79,0.41,0.63,2,37,35,2,0
962,0.27,3,5,3,0.62,0.71,0.89,1,44,62,3,0
555,0.24,2,5,1,0.86,0.34,0.71,2,28,24,2,1
745,0.26,1,3,3,0.59,0.63,0.42,0,8,78,2,0
533,0.24,3,4,1,0.29,0.73,0.62,1,31,49,2,1
472,0.35,1,2,3,0.38,0.85,0.48,1,3,63,2,0
205,0.41,1,1,1,0.24,0.93,0.34,2,41,41,2,1
374,0.14,1,2,3,0.51,0.59,0.54,0,10,97,3,1
110,0.24,1,4,1,0.69,0.63,0.52,2,35,20,2,1
297,0.36,1,3,3,0.3,0.83,0.19,0,29,67,2,0
146,0.27,2,1,3,0.18,0.58,0.63,1,36,11,1,0
776,0.38,2,4,2,0.57,0.26,0.29,1,16,4,1,0
976,0.44,3,4,3,0.38,0.71,0.25,0,15,75,1,0
359,0.3,1,2,2,0.89,0.44,0.12,1,11,38,2,0
398,0.16,3,1,1,0.75,0.85,0.6,2,21,65,1,1
492,0.13,2,3,2,0.71,0.26,0.8,0,17,18,4,0
122,0.29,2,2,2,0.4,0.86,0.42,0,25,5,4,1
668,0.26,2,2,2,0.55,0.92,0.21,0,41,11,1,1
60,0.36,1,4,1,0.36,0.4,0.19,2,41,46,3,0
142,0.41,2,5,1,0.37,0.45,0.3,0,19,39,3,0
815,0.42,1,5,1,0.41,0.96,0.78,0,6,53,7,1
597,0.34,3,5,1,0.34,0.41,0.62,1,15,19,4,0
426,0.06,2,5,3,0.43,0.42,0.31,0,16,18,1,1
189,0.08,2,3,1,0.56,0.5,0.28,2,15,37,1,1
69,0.43,1,5,2,0.35,0.31,0.13,1,6,40,1,0
645,0.43,1,1,1,0.23,0.71,0.85,2,20,37,3,0
197,0.39,2,1,1,0.13,0.98,0.78,1,31,94,2,1
919,0.16,2,3,3,0.38,0.35,0.16,2,17,71,2,0
196,0.34,1,1,1,0.81,0.42,0.51,0,8,5,2,0
319,0.37,1,5,2,0.29,0.31,0.37,2,42,71,1,0
949,0.19,3,5,1,0.24,0.57,0.21,1,41,79,1,1
273,0.19,2,5,1,0.6,0.99,0.38,1,50,56,1,1
682,0.3,3,5,1,0.4,0.5,0.37,0,10,79,3,0
164,0.35,1,4,3,0.52,0.41,0.87,0,31,31,1,0
646,0.45,3,1,2,0.27,0.6,0.45,1,50,78,1,0
516,0.45,3,3,3,0.4,0.27,0.74,1,47,61,1,0
786,0.49,3,1,3,0.75,0.54,0.5,0,50,50,1,0
562,0.05,2,1,1,0.7,0.58,0.33,2,17,81,1,1
512,0.36,3,4,1,0.53,0.69,0.28,1,21,92,7,1
433,0.49,2,5,2,0.22,0.34,0.5,2,49,57,1,0
635,0.4,3,5,1,0.38,0.95,0.52,0,50,1,1,1
599,0.38,2,3,1,0.51,0.86,0.85,1,6,94,4,0
303,0.39,2,1,1,0.75,0.58,0.35,1,40,47,4,0
884,0.38,2,5,1,0.84,0.36,0.17,1,5,55,2,0
744,0.4,3,1,1,0.82,0.43,0.84,1,36,37,2,0
619,0.2,2,2,3,0.73,0.82,0.51,2,49,34,1,1
250,0.25,1,1,3,0.8,0.7,0.4,2,15,72,2,0
161,0.42,1,5,2,0.74,0.3,0.37,1,29,7,1,0
168,0.46,2,1,3,0.37,0.99,0.85,1,40,77,1,0
983,0.23,1,4,1,0.76,0.23,0.17,0,41,64,3,0
353,0.36,3,1,1,0.48,0.98,0.45,0,31,11,2,1
501,0.42,3,1,1,0.78,0.81,0.55,2,14,82,4,0
779,0.22,3,2,1,0.22,0.27,0.22,0,40,39,3,0
569,0.26,3,4,3,0.7,0.31,0.86,1,38,3,1,0
562,0.14,2,4,1,0.37,0.23,0.8,0,22,52,2,1
168,0.46,1,1,3,0.59,0.63,0.11,1,49,65,1,0
876,0.14,3,4,3,0.14,0.88,0.85,0,4,44,5,0
827,0.18,2,2,2,0.89,0.74,0.37,0,5,44,4,0
64,0.5,1,5,3,0.26,0.82,0.71,1,20,100,1,0
811,0.47,3,4,3,0.13,0.41,0.51,2,2,33,1,0
964,0.05,2,5,2,0.72,0.63,0.56,1,1,53,4,1
721,0.45,1,2,1,0.29,0.35,0.48,2,44,47,2,0
739,0.21,1,3,3,0.31,0.84,0.56,2,38,92,2,1
958,0.49,1,4,2,0.47,0.2,0.33,0,21,91,1,0
134,0.12,1,1,2,0.11,0.36,0.1,1,47,25,1,1
723,0.42,2,2,2,0.15,0.43,0.16,1,43,73,1,0
718,0.17,3,2,3,0.47,0.28,0.67,1,37,39,1,0
353,0.23,3,4,3,0.39,0.71,0.53,0,47,39,4,0
745,0.3,2,2,2,0.13,0.58,0.44,2,13,29,2,0
715,0.38,1,3,2,0.37,0.2,0.72,2,37,15,1,0
960,0.2,1,1,2,0.35,0.86,0.23,2,32,7,1,1
283,0.18,2,2,3,0.8,0.92,0.38,0,17,13,2,1
569,0.31,3,3,1,0.58,0.59,0.22,2,32,56,3,1
956,0.36,2,5,2,0.51,0.96,0.24,0,4,25,3,0
131,0.39,1,5,1,0.7,0.69,0.56,2,32,32,2,1
924,0.26,1,3,3,0.74,0.59,0.31,1,29,21,2,0
134,0.08,2,3,1,0.49,0.92,0.84,0,9,20,1,1
470,0.4,1,3,1,0.12,0.88,0.23,1,31,36,2,1
192,0.48,1,3,2,0.55,0.77,0.19,1,45,78,2,0
552,0.11,3,4,2,0.77,0.8,0.49,0,41,20,1,1
945,0.32,3,1,2,0.44,0.68,0.27,0,1,95,2,0
826,0.37,2,1,3,0.88,0.74,0.39,0,19,100,1,0
113,0.3,1,5,1,0.18,0.94,0.4,1,12,99,2,1
154,0.34,1,3,1,0.39,0.96,0.7,1,30,64,1,1
800,0.28,3,4,2,0.85,0.98,0.87,2,6,32,4,1
901,0.07,3,1,2,0.25,0.82,0.25,1,39,17,1,1
432,0.42,3,2,2,0.54,0.61,0.44,1,15,47,1,0
443,0.07,1,1,2,0.17,0.53,0.16,0,3,100,4,1
803,0.5,2,3,2,0.5,0.27,0.87,2,17,63,1,0
272,0.21,2,2,1,0.7,0.52,0.46,2,8,8,6,0
332,0.44,2,1,1,0.6,0.26,0.43,0,29,2,1,0
783,0.38,1,2,3,0.49,0.3,0.56,2,20,79,1,0
94,0.2,3,4,2,0.55,0.69,0.38,1,37,54,1,1
670,0.25,2,1,3,0.64,0.68,0.52,2,28,93,2,0
622,0.35,2,1,2,0.69,0.88,0.75,0,26,82,3,0
358,0.44,2,2,2,0.42,0.84,0.45,0,8,30,2,0
838,0.19,3,5,1,0.72,0.8,0.19,1,4,29,7,1
58,0.23,2,2,2,0.81,0.35,0.87,1,50,75,1,0
276,0.4,2,3,2,0.15,0.6,0.88,1,33,14,3,0
995,0.07,2,2,2,0.82,0.25,0.61,1,42,79,1,1
140,0.16,3,2,2,0.55,0.51,0.57,0,5,74,3,0
286,0.49,3,2,3,0.15,0.47,0.62,0,2,98,1,0
176,0.2,1,4,1,0.32,0.62,0.65,2,11,1,2,1
429,0.28,2,4,3,0.6,0.85,0.45,2,15,26,3,0
702,0.36,2,3,1,0.71,0.95,0.62,0,23,58,2,1
695,0.44,3,3,2,0.43,0.37,0.26,1,3,28,1,0
461,0.05,2,1,1,0.27,0.46,0.25,0,39,59,1,1
650,0.38,1,2,3,0.27,0.8,0.46,2,8,14,2,0
703,0.28,1,2,1,0.22,0.67,0.18,2,44,3,2,1
416,0.38,1,5,2,0.83,0.7,0.37,0,8,77,2,0
303,0.24,1,4,3,0.57,0.68,0.14,2,21,62,2,0
567,0.05,1,4,2,0.25,0.46,0.28,1,12,15,1,1
515,0.43,1,1,3,0.38,0.79,0.82,0,11,83,1,0
298,0.39,1,5,2,0.56,0.9,0.68,2,5,86,3,0
675,0.05,3,3,2,0.34,0.5,0.22,0,29,33,1,1
169,0.14,3,2,1,0.2,0.37,0.65,2,29,6,1,1
409,0.34,1,4,3,0.16,0.95,0.41,2,23,66,2,0
968,0.4,2,5,2,0.11,0.42,0.21,0,50,37,1,0
938,0.3,3,3,3,0.78,0.34,0.58,0,18,91,1,0
550,0.27,3,1,1,0.88,0.77,0.12,2,45,28,1,1
786,0.23,2,3,2,0.78,0.34,0.83,2,42,73,2,0
980,0.23,3,2,3,0.86,0.86,0.2,1,43,51,2,1
443,0.17,3,5,2,0.77,0.88,0.72,2,38,73,1,1
993,0.43,1,1,1,0.17,0.35,0.27,1,38,100,2,0
801,0.4,1,3,3,0.14,0.58,0.78,2,27,14,1,0
797,0.26,2,1,2,0.3,0.38,0.57,0,48,24,1,0
107,0.19,1,1,3,0.79,0.39,0.77,0,14,72,1,0
878,0.43,3,3,1,0.4,0.51,0.11,1,44,98,2,0
204,0.45,1,4,1,0.4,0.41,0.44,0,10,100,2,0
466,0.49,2,2,3,0.39,0.74,0.28,1,7,84,1,0
746,0.42,3,2,2,0.13,0.64,0.9,1,18,50,2,0
546,0.2,2,1,1,0.86,0.88,0.19,0,35,74,1,1
542,0.45,3,2,2,0.13,0.86,0.69,0,25,20,2,0
507,0.08,1,2,1,0.23,0.88,0.24,0,31,80,1,1
318,0.12,2,3,2,0.39,0.75,0.58,2,3,45,7,1
114,0.24,3,2,3,0.36,0.22,0.67,1,14,87,1,0
848,0.49,3,1,3,0.27,0.36,0.22,0,10,83,1,0
306,0.38,3,5,3,0.54,0.69,0.53,2,29,28,2,0
502,0.18,3,1,1,0.23,0.52,0.9,1,50,23,1,1
572,0.31,3,1,2,0.17,0.53,0.28,1,7,59,2,0
771,0.47,2,5,3,0.41,0.72,0.47,1,14,64,1,0
223,0.39,2,5,3,0.12,0.81,0.11,0,4,71,1,0
351,0.22,2,1,2,0.12,0.53,0.57,0,46,84,2,1
792,0.12,2,1,1,0.29,0.79,0.76,2,50,84,1,1
295,0.16,3,5,3,0.56,0.55,0.37,2,39,40,1,1
952,0.25,2,3,1,0.22,0.57,0.54,0,1,31,5,0
342,0.22,1,4,3,0.88,1.0,0.17,0,37,18,1,1
254,0.35,1,5,1,0.42,0.78,0.49,2,24,93,3,1
993,0.31,2,1,1,0.75,0.95,0.14,1,15,63,3,1
138,0.25,1,3,1,0.61,0.97,0.43,2,29,11,1,1
421,0.46,1,1,1,0.35,0.85,0.62,2,7,28,3,0
323,0.39,3,5,1,0.64,0.3,0.89,1,31,82,2,0
140,0.28,2,3,1,0.9,0.36,0.75,1,29,56,2,0
73,0.38,1,4,2,0.68,0.37,0.22,1,8,24,1,0
784,0.07,2,3,3,0.32,0.35,0.46,1,1,2,3,0
568,0.19,3,4,1,0.77,0.32,0.7,1,14,26,4,1
715,0.13,2,2,2,0.15,0.81,0.33,1,11,60,2,1
88,0.05,3,5,1,0.21,0.56,0.18,2,46,98,1,1
423,0.08,2,3,2,0.59,0.51,0.37,2,34,86,1,1
160,0.41,3,4,3,0.85,0.64,0.35,0,20,57,1,0
160,0.25,2,2,2,0.9,0.98,0.32,1,17,61,2,1
297,0.48,1,1,1,0.35,0.76,0.68,0,6,87,3,0
515,0.29,2,5,1,0.46,0.74,0.89,2,32,99,2,1
63,0.24,1,3,3,0.83,0.75,0.6,0,5,24,2,0
886,0.41,3,3,2,0.61,0.55,0.57,2,33,38,2,0
907,0.27,1,2,3,0.47,0.81,0.39,0,42,78,2,0
816,0.17,3,1,3,0.76,0.34,0.11,2,49,32,1,0
75,0.06,1,5,2,0.27,0.68,0.5,1,7,31,1,1
913,0.07,3,2,3,0.63,0.44,0.19,2,20,56,1,1
135,0.15,1,2,2,0.36,0.22,0.83,0,43,88,1,0
709,0.44,1,5,3,0.76,0.21,0.51,1,47,61,1,0
894,0.11,2,1,3,0.4,0.26,0.8,0,48,72,2,0
936,0.21,1,2,2,0.1,0.74,0.15,1,11,3,4,0
724,0.27,3,5,2,0.69,0.95,0.24,1,10,45,5,0
277,0.06,1,1,1,0.87,0.88,0.64,2,45,40,1,1
679,0.17,1,1,3,0.5,0.39,0.4,1,3,68,2,0
547,0.2,2,4,2,0.2,0.9,0.42,2,27,62,1,1
686,0.46,2,3,3,0.47,1.0,0.88,0,15,32,1,0
574,0.11,1,5,1,0.46,0.32,0.45,0,1,37,6,1
572,0.32,3,4,3,0.56,0.5,0.68,0,35,18,1,0
50,0.17,3,1,3,0.83,0.38,0.16,0,4,75,1,0
479,0.22,2,4,3,0.23,0.55,0.1,0,10,78,2,0
98,0.34,1,1,1,0.37,0.79,0.68,0,10,67,5,0
900,0.45,3,4,3,0.73,0.24,0.66,2,10,29,1,0
339,0.46,1,2,3,0.6,0.76,0.31,1,49,81,1,0
353,0.47,2,2,2,0.83,0.59,0.55,2,40,19,1,0
997,0.07,3,3,1,0.13,0.24,0.27,1,28,11,1,1
312,0.28,1,5,1,0.65,0.53,0.76,2,27,29,2,1
791,0.41,1,3,1,0.54,0.27,0.39,0,12,81,1,0
960,0.36,2,1,3,0.86,0.54,0.29,0,25,24,1,0
886,0.42,1,1,1,0.25,0.44,0.51,1,42,6,2,0
606,0.28,1,4,1,0.42,0.45,0.73,2,16,63,6,1
233,0.43,3,1,3,0.14,0.76,0.6,2,1,89,1,0
503,0.09,3,4,2,0.31,0.92,0.33,1,10,93,1,1
773,0.18,1,5,3,0.74,0.7,0.86,1,14,83,2,1
574,0.1,3,4,1,0.56,0.32,0.78,1,6,71,3,1
413,0.43,1,1,1,0.11,0.74,0.8,1,6,64,3,0
196,0.29,2,5,2,0.65,0.95,0.58,2,18,49,2,1
529,0.41,2,1,2,0.3,0.98,0.87,1,4,46,2,0
806,0.26,1,5,3,0.17,0.76,0.53,2,33,47,2,0
644,0.07,3,4,3,0.84,0.5,0.27,0,44,22,1,1
444,0.18,1,1,3,0.79,0.28,0.61,2,35,16,1,0
120,0.36,1,3,2,0.7,0.46,0.86,2,9,57,2,0
349,0.15,1,5,1,0.85,0.37,0.57,2,24,29,1,1
835,0.19,3,3,1,0.29,0.37,0.9,2,43,88,1,1
930,0.36,3,2,1,0.61,0.26,0.84,2,6,44,2,0
107,0.33,1,4,2,0.42,0.63,0.43,0,30,13,2,0
970,0.49,3,1,3,0.87,0.64,0.35,0,12,22,1,0
722,0.42,2,4,3,0.74,0.2,0.18,2,33,41,1,0
227,0.37,1,1,3,0.19,0.65,0.33,1,38,84,1,0
257,0.06,2,4,1,0.2,0.46,0.84,2,17,32,1,1
647,0.08,3,2,2,0.19,0.63,0.75,2,3,68,4,1
581,0.49,1,5,3,0.61,0.73,0.3,2,29,16,1,0
718,0.11,1,4,1,0.22,0.72,0.6,2,39,32,1,1
407,0.28,2,4,2,0.66,0.97,0.66,2,35,89,2,1
525,0.45,1,4,3,0.33,0.61,0.34,2,19,8,1,0
184,0.05,1,3,3,0.38,0.74,0.51,0,33,86,1,1
589,0.12,1,2,1,0.84,0.67,0.37,0,1,41,23,0
844,0.1,2,2,3,0.87,0.92,0.11,0,50,15,1,1
914,0.22,3,5,1,0.53,0.56,0.57,0,11,96,3,1
176,0.34,3,2,3,0.59,0.35,0.82,0,39,57,1,0
510,0.07,2,5,3,0.69,0.6,0.22,2,8,31,1,1
176,0.21,2,1,3,0.78,1.0,0.22,2,23,100,2,1
810,0.14,2,3,1,0.66,0.98,0.45,0,14,42,1,1
105,0.36,2,2,2,0.35,0.73,0.35,0,9,97,2,0
860,0.18,1,1,2,0.37,0.56,0.84,2,34,8,2,1
464,0.34,1,4,3,0.9,0.6,0.65,1,9,7,2,0
458,0.44,3,3,2,0.79,0.85,0.82,2,48,29,3,0
252,0.18,1,3,1,0.43,0.48,0.79,2,25,69,3,1
259,0.41,1,4,2,0.7,0.65,0.51,2,4,83,2,0
342,0.43,2,1,2,0.49,0.48,0.34,0,30,87,1,0
532,0.48,3,2,1,0.13,0.42,0.41,1,38,33,2,0
743,0.2,3,4,2,0.88,0.55,0.54,1,43,7,1,1
819,0.2,2,5,2,0.28,0.35,0.25,0,22,69,2,0
431,0.42,3,3,3,0.24,0.68,0.27,1,9,71,1,0
307,0.42,2,5,1,0.36,0.27,0.4,1,12,33,2,0
256,0.44,3,1,1,0.74,0.87,0.79,2,23,64,5,1
80,0.31,2,1,3,0.28,0.39,0.23,0,12,92,1,0
957,0.15,3,4,3,0.48,0.23,0.35,2,37,71,1,0
432,0.34,1,1,1,0.62,0.9,0.78,2,37,54,2,1
67,0.39,3,1,1,0.61,0.4,0.88,1,49,61,2,0
801,0.38,1,2,1,0.73,0.2,0.52,1,43,63,1,0
881,0.27,2,1,1,0.26,0.3,0.39,2,5,32,2,0
342,0.15,1,1,3,0.41,0.78,0.32,1,33,44,1,1
543,0.25,2,3,3,0.83,0.82,0.8,1,45,74,2,1
491,0.07,2,4,1,0.39,0.49,0.36,1,4,11,2,1
565,0.28,1,3,2,0.6,0.73,0.76,1,33,60,2,1
508,0.19,1,1,3,0.74,0.5,0.71,1,5,84,2,0
169,0.27,2,5,3,0.18,0.59,0.25,1,26,23,2,0
312,0.09,1,4,3,0.89,0.24,0.65,1,26,45,2,0
680,0.05,1,1,3,0.37,0.39,0.33,0,37,99,1,1
808,0.32,3,3,3,0.39,0.85,0.13,0,36,55,2,0
94,0.06,1,3,2,0.53,0.23,0.65,2,20,66,1,1
491,0.5,3,3,2,0.32,0.38,0.63,2,20,65,1,0
456,0.11,2,2,2,0.47,0.78,0.25,2,18,79,1,1
205,0.33,3,1,2,0.26,0.55,0.69,0,8,69,2,0
366,0.47,1,2,3,0.82,0.43,0.36,1,16,13,1,0
631,0.26,2,2,2,0.67,0.49,0.59,1,39,22,2,0
884,0.42,1,3,1,0.75,0.48,0.53,0,19,86,2,0
915,0.38,2,1,2,0.11,0.32,0.66,1,7,13,1,0
388,0.17,1,1,1,0.6,0.87,0.81,1,26,61,1,1
79,0.35,2,5,3,0.57,0.67,0.69,1,29,75,2,0
485,0.45,2,5,1,0.66,0.94,0.22,0,12,31,6,0
658,0.41,2,5,2,0.59,0.83,0.39,0,13,69,2,0
456,0.25,3,2,2,0.51,0.47,0.27,0,35,43,2,0
530,0.44,1,2,1,0.51,0.56,0.34,2,43,40,2,0
54,0.49,1,4,3,0.69,0.83,0.43,0,34,100,1,0
470,0.07,3,1,3,0.72,0.94,0.21,1,46,55,1,1
325,0.19,1,1,3,0.26,0.47,0.62,0,34,76,2,0
624,0.47,1,1,3,0.41,0.31,0.13,1,10,8,1,0
822,0.32,3,1,3,0.89,0.95,0.65,1,2,83,2,0
712,0.29,1,3,1,0.34,0.51,0.48,0,40,37,3,1
343,0.36,2,3,3,0.65,0.7,0.81,2,11,3,1,0
822,0.48,2,4,1,0.7,0.24,0.44,2,8,53,1,0
309,0.21,2,4,3,0.11,0.52,0.55,2,49,77,3,1
404,0.38,2,1,3,0.68,0.49,0.2,0,38,47,1,0
533,0.14,1,2,1,0.39,0.51,0.32,2,49,38,1,1
907,0.14,3,4,3,0.2,0.27,0.18,0,40,15,2,0
649,0.4,2,4,3,0.62,0.47,0.48,1,38,48,1,0
747,0.33,1,5,3,0.59,0.37,0.37,0,17,49,1,0
159,0.24,1,1,3,0.57,0.34,0.5,2,32,36,1,0
755,0.48,3,5,1,0.68,0.2,0.34,0,40,66,1,0
479,0.3,3,2,3,0.6,0.59,0.39,0,2,9,1,0
536,0.18,2,3,2,0.45,0.5,0.67,0,26,35,2,1
879,0.46,1,5,3,0.8,0.77,0.23,1,43,32,1,0
591,0.3,2,4,1,0.73,0.57,0.86,0,25,40,3,1
144,0.36,2,3,3,0.85,0.25,0.38,1,9,81,1,0
87,0.3,3,5,2,0.2,0.39,0.41,0,14,33,2,0
505,0.09,3,5,1,0.35,0.96,0.81,2,35,7,1,1
511,0.5,2,2,2,0.36,0.99,0.37,2,35,23,2,0
735,0.14,1,1,3,0.51,0.38,0.59,0,11,36,2,0
797,0.15,2,5,1,0.89,0.56,0.76,0,46,32,1,1
547,0.46,3,4,2,0.8,0.24,0.23,2,26,67,1,0
606,0.06,1,2,1,0.68,0.96,0.1,0,47,20,1,1
574,0.15,2,1,3,0.55,0.82,0.29,1,33,38,1,1
175,0.09,1,4,3,0.57,0.2,0.17,2,48,97,2,0
400,0.24,1,2,1,0.82,0.29,0.52,1,22,45,2,0
237,0.11,3,5,2,0.38,0.78,0.1,0,35,5,1,1
490,0.17,2,1,3,0.32,0.37,0.78,2,16,97,1,0
220,0.43,1,3,1,0.13,0.91,0.9,2,25,26,2,1
861,0.45,2,3,1,0.64,0.53,0.73,2,47,34,2,0
219,0.12,2,1,3,0.34,0.66,0.36,2,24,58,1,1
353,0.32,1,1,1,0.63,0.73,0.24,2,19,94,3,1
502,0.44,2,3,1,0.87,0.91,0.83,1,41,8,1,1
869,0.41,3,1,1,0.21,0.31,0.39,2,10,26,2,0
877,0.24,3,2,1,0.71,0.9,0.22,1,44,19,1,1
526,0.08,2,3,2,0.12,0.84,0.36,1,45,72,1,1
953,0.26,2,2,2,0.24,0.29,0.33,2,9,10,1,0
898,0.18,3,5,3,0.84,0.39,0.2,2,25,43,2,0
850,0.21,3,5,3,0.3,0.39,0.7,0,44,90,1,0
196,0.14,2,4,1,0.83,0.85,0.42,1,35,2,1,1
388,0.15,2,2,3,0.36,0.49,0.22,0,40,17,2,1
287,0.27,1,4,1,0.28,0.76,0.79,1,45,95,1,1
283,0.4,1,5,1,0.8,0.56,0.33,2,29,90,3,0
844,0.39,3,1,2,0.42,0.97,0.2,1,14,83,2,0
894,0.26,1,1,3,0.82,0.36,0.16,2,43,50,1,0
220,0.29,1,3,2,0.56,0.93,0.6,1,11,22,4,0
322,0.46,2,3,1,0.32,0.39,0.8,0,11,89,2,0
172,0.4,3,1,3,0.12,0.93,0.73,0,21,55,2,0
867,0.24,3,1,1,0.16,0.31,0.66,1,38,35,2,0
972,0.33,2,3,1,0.83,0.88,0.59,2,34,52,2,1
389,0.11,3,1,1,0.73,0.37,0.78,0,25,9,2,1
847,0.11,3,4,2,0.77,0.8,0.76,1,48,30,1,1
276,0.42,2,2,2,0.38,0.76,0.43,0,11,64,2,0
960,0.14,2,1,3,0.54,0.8,0.19,2,44,8,1,1
648,0.46,3,2,3,0.74,0.54,0.52,2,31,85,1,0
334,0.23,1,5,1,0.82,0.21,0.1,2,44,37,2,0
283,0.36,1,2,3,0.21,0.91,0.18,1,17,37,2,0
510,0.08,2,3,1,0.18,0.25,0.56,2,46,35,1,1
109,0.22,1,5,2,0.51,0.28,0.27,0,16,66,2,0
92,0.22,1,2,1,0.79,0.58,0.49,2,20,6,3,1
73,0.33,1,1,2,0.36,0.41,0.82,1,31,68,1,0
579,0.49,2,2,1,0.13,0.49,0.3,0,20,36,2,0
693,0.08,1,5,3,0.63,0.56,0.31,1,32,10,1,1
708,0.06,1,3,2,0.45,0.71,0.85,0,10,38,1,1
165,0.19,2,1,2,0.82,0.2,0.16,2,29,3,1,0
619,0.4,1,4,2,0.7,0.71,0.61,2,24,25,2,0
793,0.36,2,4,1,0.83,0.61,0.83,1,35,87,5,0
950,0.16,2,1,1,0.73,0.46,0.68,1,4,15,5,0
710,0.47,1,5,2,0.41,0.52,0.82,1,25,86,2,0
203,0.3,2,5,3,0.59,0.57,0.65,1,34,3,2,0
940,0.14,3,3,2,0.39,0.66,0.32,0,36,5,1,1
635,0.08,3,4,3,0.41,0.79,0.5,1,24,58,1,1
439,0.32,3,5,1,0.38,0.5,0.36,0,49,93,3,1
170,0.41,3,3,1,0.27,0.27,0.42,0,43,82,2,0
822,0.42,2,5,3,0.45,0.62,0.27,2,38,88,1,0
168,0.07,1,2,3,0.29,0.49,0.24,2,36,15,1,1
389,0.29,2,2,2,0.77,0.62,0.29,2,31,14,2,0
724,0.45,3,4,3,0.82,0.57,0.14,1,46,60,1,0
210,0.49,2,5,2,0.5,0.33,0.51,0,34,67,1,0
462,0.41,1,3,1,0.78,0.4,0.33,0,46,68,2,0
54,0.12,2,4,2,0.35,0.59,0.6,0,45,60,1,1
985,0.44,1,5,3,0.68,0.38,0.47,2,11,25,1,0
477,0.18,2,5,3,0.78,0.93,0.17,0,37,27,1,1
284,0.06,1,5,2,0.68,0.88,0.52,0,3,61,2,1
259,0.17,1,1,2,0.59,0.85,0.22,1,3,26,5,0
380,0.37,3,4,3,0.41,0.72,0.36,0,18,66,1,0
939,0.32,2,5,1,0.84,0.29,0.47,1,16,25,7,1
244,0.45,2,5,3,0.62,0.68,0.28,0,48,54,1,0
374,0.5,3,2,2,0.42,0.76,0.88,2,34,15,2,0
448,0.32,2,3,3,0.48,0.22,0.21,1,31,77,1,0
277,0.22,3,1,3,0.1,0.41,0.73,2,35,18,1,0
114,0.11,2,4,2,0.79,0.9,0.54,0,42,8,1,1
153,0.07,1,5,3,0.13,0.87,0.81,1,10,95,1,1
343,0.16,1,1,1,0.28,0.81,0.62,0,6,16,4,1
120,0.46,2,1,3,0.52,0.54,0.1,0,13,18,1,0
481,0.45,2,5,3,0.33,0.54,0.75,2,45,27,1,0
644,0.07,2,3,2,0.88,0.98,0.49,1,8,32,1,1
825,0.5,3,2,3,0.4,0.48,0.69,0,8,61,1,0
171,0.45,1,2,3,0.39,0.97,0.27,2,10,51,2,0
955,0.39,1,5,3,0.12,0.27,0.62,0,1,51,1,0
468,0.29,2,3,3,0.32,0.86,0.18,1,1,34,2,0
176,0.1,2,1,1,0.35,0.6,0.3,2,37,10,1,1
193,0.43,1,2,2,0.83,0.82,0.12,0,10,67,2,0
672,0.13,3,5,3,0.4,0.67,0.75,2,45,64,1,1
280,0.42,3,1,2,0.4,0.2,0.87,2,37,14,1,0
530,0.34,2,2,1,0.72,0.55,0.64,1,23,96,4,0
93,0.5,1,5,3,0.41,0.63,0.85,2,7,80,1,0
268,0.46,2,2,3,0.81,0.77,0.73,2,22,31,1,0
445,0.18,2,4,3,0.38,0.84,0.89,2,19,61,1,1
479,0.35,1,5,1,0.6,0.69,0.26,0,10,22,7,1
213,0.31,1,2,3,0.76,0.39,0.38,2,6,99,1,0
214,0.45,3,2,1,0.54,0.7,0.44,2,18,96,3,0
400,0.48,2,2,1,0.13,0.66,0.2,2,39,73,3,0
180,0.22,1,2,3,0.12,0.55,0.73,0,19,13,2,0
819,0.39,3,2,3,0.32,0.47,0.29,0,9,21,1,0
847,0.31,2,2,3,0.58,0.38,0.52,0,9,20,1,0
978,0.34,3,1,2,0.78,0.66,0.54,2,36,11,2,0
521,0.15,3,3,1,0.39,1.0,0.21,0,16,7,1,1
511,0.14,1,3,1,0.17,0.71,0.31,0,8,81,3,1
619,0.2,1,4,2,0.18,0.24,0.73,0,9,78,2,0
964,0.08,3,2,3,0.54,0.37,0.64,1,43,83,1,1
924,0.35,2,3,1,0.33,0.3,0.18,1,50,14,2,0
955,0.32,2,5,1,0.43,0.79,0.31,1,45,85,1,1
623,0.48,3,5,2,0.47,0.79,0.49,0,17,75,2,0
157,0.34,2,5,1,0.56,0.31,0.88,2,40,49,2,0
458,0.34,1,2,2,0.25,0.61,0.52,2,49,54,2,0
672,0.47,1,1,3,0.49,0.57,0.63,1,41,17,1,0
448,0.13,2,4,2,0.86,0.35,0.46,0,50,30,2,1
664,0.38,3,2,2,0.37,0.94,0.57,1,14,24,3,0
705,0.16,3,5,2,0.73,0.58,0.58,1,13,29,3,1
687,0.11,2,3,2,0.56,0.99,0.11,0,11,8,1,1
587,0.39,1,3,1,0.62,0.22,0.16,2,18,55,1,0
652,0.12,2,3,2,0.9,0.47,0.74,0,28,4,2,1
281,0.42,3,1,1,0.66,0.77,0.37,0,44,33,2,1
278,0.15,1,5,2,0.49,0.33,0.82,1,13,58,9,1
547,0.36,2,4,2,0.42,0.68,0.28,1,42,19,2,0
192,0.31,2,1,2,0.27,0.57,0.9,1,31,6,2,0
965,0.35,2,4,2,0.31,0.85,0.53,2,26,23,3,0
402,0.06,3,5,3,0.75,0.88,0.38,1,41,83,1,1
261,0.29,2,4,3,0.55,0.62,0.38,2,9,65,1,0
273,0.4,2,5,1,0.31,0.55,0.76,1,18,9,4,0
387,0.12,1,3,2,0.81,0.51,0.56,2,8,47,4,1
559,0.1,1,5,3,0.37,0.72,0.55,2,27,71,1,1
680,0.2,2,3,2,0.63,0.96,0.77,1,33,82,1,1
607,0.08,3,1,3,0.16,0.87,0.8,1,4,2,2,1
245,0.37,1,2,3,0.69,0.76,0.84,0,12,8,1,0
802,0.11,3,3,2,0.29,0.92,0.6,1,42,13,1,1
397,0.27,2,3,2,0.5,0.94,0.43,0,37,26,1,1
747,0.48,1,1,2,0.12,0.4,0.9,0,21,13,1,0
622,0.18,3,5,1,0.44,0.98,0.46,1,13,95,2,1
271,0.24,1,4,3,0.79,0.93,0.62,1,2,91,3,0
367,0.09,2,4,2,0.14,0.34,0.64,1,35,8,1,1
873,0.13,1,3,3,0.41,0.46,0.19,1,21,20,3,0
706,0.25,3,5,3,0.27,0.76,0.49,1,26,90,2,1
743,0.17,3,1,2,0.9,0.95,0.41,2,31,16,1,1
262,0.17,2,4,3,0.4,0.46,0.22,1,8,9,2,0
731,0.22,2,4,2,0.57,0.44,0.45,0,18,82,4,0
255,0.38,2,3,3,0.9,0.87,0.9,1,21,77,2,0
903,0.43,1,4,3,0.53,0.63,0.37,1,43,9,1,0
263,0.08,3,5,1,0.9,0.91,0.83,2,37,26,1,1
923,0.5,3,4,1,0.59,0.22,0.74,0,24,64,1,0
794,0.29,3,2,3,0.49,0.25,0.34,1,6,78,1,0
517,0.32,3,5,1,0.37,0.29,0.13,2,48,58,2,0
244,0.37,2,1,1,0.68,0.3,0.88,2,40,27,2,0
902,0.42,1,1,2,0.89,0.63,0.51,1,29,47,2,0
754,0.19,2,4,3,0.51,0.28,0.5,2,6,4,1,0
758,0.37,3,5,2,0.63,0.96,0.13,1,30,61,3,0
993,0.24,2,1,3,0.52,0.95,0.88,0,1,10,2,0
586,0.21,2,2,1,0.84,0.77,0.19,0,31,78,1,1
211,0.3,2,3,1,0.19,0.63,0.36,1,43,44,2,1
113,0.06,2,3,2,0.13,0.75,0.9,1,9,19,1,1
945,0.36,3,4,1,0.38,0.77,0.87,1,25,83,2,1
422,0.46,2,3,3,0.89,0.74,0.42,2,13,5,1,0
346,0.19,3,5,1,0.12,0.61,0.14,0,19,86,2,1
578,0.05,1,3,1,0.53,0.87,0.43,2,16,60,1,1
477,0.35,3,1,2,0.78,0.92,0.45,2,44,89,3,1
477,0.09,1,4,1,0.64,0.89,0.42,1,36,50,1,1
53,0.36,2,3,3,0.37,0.91,0.73,0,14,6,2,0
710,0.48,1,5,3,0.83,0.68,0.43,2,31,76,1,0
474,0.1,2,2,2,0.33,0.87,0.41,0,2,54,4,1
86,0.2,2,5,1,0.39,0.53,0.57,1,48,94,1,1
56,0.47,3,4,3,0.55,0.58,0.4,0,4,100,1,0
414,0.1,3,1,3,0.77,0.32,0.45,0,33,22,2,0
477,0.2,3,4,1,0.78,0.64,0.13,1,14,86,3,1
651,0.28,3,2,1,0.42,0.57,0.33,1,23,49,4,1
370,0.21,1,1,2,0.35,0.95,0.7,1,32,45,1,1
74,0.06,1,1,1,0.61,0.22,0.25,2,21,86,2,1
825,0.15,3,2,3,0.26,0.36,0.61,2,47,79,2,0
128,0.11,3,2,2,0.82,0.33,0.56,1,27,34,3,1
517,0.33,1,2,1,0.62,0.37,0.89,2,29,47,2,0
531,0.35,3,5,3,0.61,0.94,0.36,0,4,52,2,0
287,0.31,3,3,1,0.56,0.66,0.5,2,5,72,4,0
956,0.43,2,4,1,0.74,0.45,0.54,1,18,52,3,0
980,0.32,1,3,2,0.81,0.62,0.35,0,48,76,2,0
982,0.27,2,1,2,0.51,0.66,0.7,0,41,58,3,0
976,0.05,1,2,2,0.38,0.83,0.79,0,14,8,1,1
542,0.34,3,3,3,0.44,0.79,0.89,1,24,8,2,0
575,0.15,3,2,1,0.24,0.77,0.86,2,1,45,13,1
476,0.11,3,4,2,0.77,0.62,0.45,2,2,89,9,1
183,0.44,1,4,1,0.77,0.83,0.2,1,19,72,4,1
121,0.39,2,1,3,0.82,0.98,0.27,1,46,83,2,0
905,0.37,1,3,2,0.86,0.92,0.89,1,13,52,3,0
884,0.47,3,4,3,0.73,0.42,0.6,1,11,14,1,0
939,0.24,1,3,1,0.18,0.26,0.66,1,25,38,3,0
785,0.21,3,1,2,0.74,1.0,0.53,1,26,59,1,1
942,0.18,2,4,3,0.59,0.31,0.76,2,12,18,2,0
517,0.43,2,5,1,0.9,0.76,0.63,0,6,80,3,0
645,0.29,1,5,2,0.4,0.95,0.31,2,27,87,2,1
805,0.46,3,2,1,0.75,0.82,0.39,2,2,4,3,0
146,0.16,2,3,3,0.49,0.6,0.55,2,38,8,1,1
703,0.48,2,2,3,0.15,0.4,0.74,0,50,97,1,0
135,0.45,1,4,3,0.44,0.3,0.48,2,30,87,1,0
598,0.27,1,5,1,0.26,0.35,0.34,1,37,87,4,1
246,0.17,3,4,2,0.41,0.48,0.11,0,49,13,1,1
491,0.12,2,1,1,0.25,0.55,0.14,2,12,56,2,1
278,0.2,1,3,3,0.18,0.74,0.29,0,41,42,2,1
153,0.16,1,5,3,0.17,0.26,0.11,0,29,60,1,0
76,0.16,2,4,3,0.8,0.81,0.22,0,34,60,1,1
95,0.3,3,5,1,0.29,0.96,0.71,0,41,21,1,1
649,0.47,2,1,3,0.7,0.6,0.52,1,26,100,1,0
998,0.47,3,3,2,0.8,0.29,0.52,0,27,54,1,0
529,0.19,2,3,1,0.39,0.36,0.84,0,32,23,2,1
233,0.39,1,5,1,0.41,0.62,0.16,1,6,52,3,0
789,0.14,2,3,1,0.24,0.97,0.27,1,20,1,1,1
625,0.37,1,1,3,0.28,0.43,0.87,2,42,18,1,0
896,0.5,1,3,2,0.12,0.26,0.47,1,5,32,1,0
564,0.48,3,4,3,0.49,0.44,0.53,1,10,81,1,0
487,0.07,2,2,3,0.71,0.6,0.71,1,20,90,1,1
286,0.12,2,3,3,0.5,0.31,0.73,1,21,38,2,0
872,0.32,3,1,3,0.16,1.0,0.37,0,43,38,2,0
461,0.39,3,4,1,0.6,0.45,0.48,1,33,85,3,0
507,0.24,2,2,1,0.73,0.98,0.86,2,34,59,1,1
150,0.36,2,3,2,0.9,0.76,0.2,1,31,36,2,0
269,0.11,1,4,2,0.83,0.93,0.66,2,9,45,1,1
641,0.46,3,4,3,0.1,0.24,0.43,1,28,36,1,0
689,0.41,1,3,2,0.45,0.99,0.72,0,32,65,3,1
595,0.44,3,3,3,0.81,0.45,0.83,0,49,84,1,0
890,0.07,2,2,1,0.76,0.85,0.65,0,12,1,1,1
901,0.26,1,5,1,0.12,0.99,0.43,2,33,78,1,1
270,0.32,1,4,3,0.55,0.47,0.59,1,14,38,1,0
735,0.05,1,4,3,0.42,0.5,0.66,0,1,90,3,1
508,0.43,1,3,2,0.51,0.82,0.41,0,42,29,2,0
349,0.07,2,1,1,0.51,0.47,0.26,1,10,84,1,1
252,0.32,1,2,1,0.35,0.47,0.22,0,32,73,3,1
915,0.26,3,4,3,0.79,0.67,0.18,2,23,5,2,0
585,0.16,1,3,3,0.11,0.77,0.66,1,17,66,2,1
460,0.39,2,2,1,0.25,0.91,0.71,0,14,56,4,1
691,0.36,2,4,1,0.19,0.98,0.88,0,47,70,1,1
225,0.22,3,3,2,0.14,0.5,0.12,0,48,9,3,1
928,0.37,2,3,1,0.17,0.53,0.43,0,28,85,3,0
726,0.41,1,4,2,0.73,0.39,0.42,0,5,100,1,0
809,0.44,3,5,2,0.65,0.23,0.55,2,39,94,1,0
51,0.39,1,4,1,0.83,0.21,0.88,0,48,6,2,0
200,0.44,1,1,1,0.21,0.38,0.86,2,5,34,2,0
621,0.23,1,4,1,0.2,0.62,0.81,2,9,20,4,1
834,0.49,1,2,1,0.22,0.29,0.66,2,31,24,1,0
723,0.05,3,5,2,0.41,0.58,0.16,2,13,44,1,1
696,0.44,1,5,2,0.56,0.62,0.79,1,46,85,2,0
559,0.35,1,3,2,0.52,0.73,0.35,1,33,59,3,0
555,0.36,2,2,1,0.1,0.38,0.82,2,18,11,2,0
845,0.07,1,4,1,0.42,0.89,0.47,2,18,98,1,1
240,0.15,1,4,1,0.24,0.37,0.5,0,5,87,6,1
608,0.26,3,4,3,0.66,0.61,0.26,2,45,53,2,0
528,0.08,2,5,1,0.59,0.45,0.26,1,2,100,3,1
609,0.36,2,2,1,0.48,0.24,0.47,1,44,47,1,0
139,0.29,3,4,1,0.78,0.36,0.68,2,25,24,4,1
914,0.09,2,5,1,0.59,0.95,0.18,2,49,5,1,1
583,0.23,2,5,3,0.66,0.98,0.57,2,30,15,1,1
419,0.42,1,5,3,0.36,0.85,0.76,1,35,99,1,0
955,0.14,2,4,1,0.72,0.94,0.12,2,48,51,1,1
770,0.11,1,1,3,0.7,0.66,0.89,0,49,2,1,1
723,0.07,2,3,2,0.58,0.71,0.35,0,32,47,1,1
635,0.24,2,4,2,0.16,0.96,0.1,1,29,55,2,1
298,0.17,3,5,1,0.77,0.94,0.31,2,1,54,10,1
553,0.4,1,3,3,0.68,0.95,0.32,1,24,64,2,0
69,0.14,3,4,1,0.18,0.97,0.55,0,15,61,1,1
894,0.37,3,5,2,0.2,0.77,0.89,2,7,94,2,0
836,0.05,2,3,1,0.24,0.68,0.85,2,48,6,1,1
169,0.05,3,4,1,0.64,0.94,0.76,0,40,75,1,1
204,0.39,1,4,3,0.4,0.92,0.36,1,36,62,2,0
398,0.29,1,4,2,0.4,0.4,0.73,0,17,64,2,0
113,0.1,3,2,2,0.21,0.92,0.61,1,40,57,1,1
492,0.37,2,3,3,0.48,0.47,0.58,2,29,84,1,0
173,0.41,1,5,2,0.3,0.25,0.42,2,36,65,1,0
353,0.44,2,1,2,0.77,0.25,0.13,0,34,64,1,0
655,0.2,1,5,1,0.21,0.29,0.2,2,28,25,3,1
241,0.32,2,1,1,0.13,0.89,0.64,2,24,2,2,1
687,0.33,2,5,3,0.1,0.85,0.66,0,49,30,2,1
905,0.2,1,5,1,0.38,0.31,0.47,1,44,92,2,1
847,0.47,2,2,2,0.53,0.98,0.9,1,12,97,2,0
168,0.31,3,2,1,0.55,0.58,0.7,0,5,4,3,0
509,0.16,3,5,1,0.86,0.8,0.55,1,19,60,1,1
481,0.48,1,3,2,0.75,0.59,0.81,0,15,8,2,0
411,0.1,3,1,3,0.56,0.8,0.33,2,29,39,1,1
66,0.09,1,2,1,0.81,0.49,0.27,0,46,32,1,1
208,0.3,2,3,2,0.68,0.88,0.62,2,35,35,2,1
368,0.24,2,1,1,0.59,0.96,0.18,0,32,89,1,1
678,0.06,3,1,3,0.13,0.74,0.26,0,28,94,1,1
598,0.36,3,3,2,0.44,0.24,0.51,2,3,36,1,0
450,0.25,2,3,1,0.76,0.42,0.56,1,50,55,2,1
484,0.13,2,3,1,0.85,0.58,0.87,1,8,14,3,1
608,0.44,2,2,1,0.85,0.91,0.7,0,50,53,2,1
602,0.45,3,2,3,0.66,0.5,0.45,1,2,67,1,0
588,0.16,1,3,2,0.28,0.45,0.12,2,16,35,3,0
97,0.5,1,5,1,0.81,0.33,0.64,1,26,94,1,0
679,0.48,1,2,2,0.19,0.77,0.31,1,29,100,2,0
670,0.17,3,1,3,0.22,0.95,0.2,0,29,81,1,1
889,0.38,1,3,3,0.33,0.81,0.25,0,42,2,1,0
343,0.28,3,3,3,0.2,0.72,0.84,2,1,26,2,0
634,0.08,2,3,3,0.4,0.57,0.57,2,33,80,1,1
371,0.15,1,1,3,0.27,0.57,0.25,0,3,39,2,0
65,0.37,3,3,1,0.24,0.32,0.55,0,38,87,3,0
739,0.31,3,5,1,0.5,1.0,0.33,2,44,86,1,1
631,0.32,1,5,1,0.21,0.87,0.4,1,46,85,1,1
453,0.46,2,4,2,0.46,0.95,0.36,2,25,85,2,0
110,0.09,2,2,2,0.2,0.29,0.87,2,7,24,3,0
728,0.48,2,5,1,0.39,0.4,0.77,1,33,9,2,0
345,0.25,1,4,2,0.52,0.25,0.37,0,36,25,1,0
870,0.46,2,3,2,0.61,0.84,0.2,2,40,8,2,0
376,0.41,1,2,3,0.23,0.63,0.2,2,36,28,1,0
463,0.07,3,3,1,0.33,0.81,0.29,1,11,79,1,1
218,0.21,3,3,2,0.17,0.31,0.18,1,12,42,2,0
852,0.21,3,5,3,0.74,0.64,0.34,0,41,68,2,1
663,0.14,1,3,1,0.52,0.52,0.67,1,36,20,1,1
101,0.22,3,1,3,0.67,0.43,0.33,1,6,26,1,0
313,0.35,2,1,1,0.61,0.22,0.58,1,3,57,1,0
777,0.08,1,5,3,0.61,0.83,0.52,0,15,99,1,1
173,0.16,1,1,2,0.35,0.76,0.46,2,22,84,1,1
581,0.31,1,3,1,0.73,0.29,0.55,2,23,15,2,0
545,0.13,1,5,2,0.34,0.25,0.73,2,41,83,2,1
423,0.21,3,4,3,0.71,0.78,0.15,1,26,93,3,0
520,0.31,1,3,3,0.29,0.56,0.62,2,1,66,1,0
670,0.08,3,3,2,0.9,0.25,0.16,0,35,17,2,1
525,0.41,2,1,1,0.73,0.26,0.47,0,31,98,1,0
677,0.48,3,5,3,0.62,0.72,0.12,1,24,86,1,0
927,0.14,2,2,2,0.77,0.45,0.67,2,40,10,1,1
491,0.42,1,2,3,0.81,0.3,0.51,1,8,63,1,0
122,0.23,2,3,3,0.39,0.62,0.51,0,33,73,2,0
644,0.16,3,3,1,0.49,0.21,0.63,0,10,35,3,0
79,0.46,2,2,2,0.31,0.55,0.32,0,35,41,1,0
261,0.06,2,4,1,0.55,0.39,0.32,2,32,79,1,1
595,0.15,3,2,1,0.46,0.51,0.2,2,14,96,2,1
939,0.38,1,2,1,0.32,0.96,0.51,2,44,10,1,1
645,0.08,1,5,3,0.7,0.86,0.51,1,35,98,1,1
311,0.14,2,3,3,0.64,0.61,0.54,1,49,58,1,1
782,0.37,2,2,2,0.58,0.49,0.52,0,33,29,2,0
923,0.08,1,4,3,0.49,0.71,0.49,1,49,67,1,1
348,0.26,2,4,2,0.83,0.31,0.79,2,45,53,2,0
643,0.34,3,2,2,0.55,0.46,0.66,2,49,67,1,0
791,0.12,2,1,1,0.62,0.59,0.1,1,19,3,1,1
458,0.22,2,4,2,0.66,0.45,0.2,0,42,33,2,0
510,0.32,2,4,2,0.5,0.43,0.41,0,40,89,1,0
522,0.43,2,4,3,0.78,0.32,0.63,1,15,32,1,0
259,0.05,1,3,2,0.62,0.85,0.3,2,10,17,1,1
320,0.26,2,1,1,0.22,0.53,0.53,0,16,36,5,0
910,0.3,3,2,3,0.27,0.55,0.38,1,47,90,1,0
908,0.32,3,4,2,0.3,0.51,0.44,2,14,64,2,0
897,0.38,2,3,3,0.45,0.69,0.11,0,35,28,1,0
682,0.21,1,2,3,0.8,0.86,0.7,0,16,56,4,0
520,0.17,3,1,2,0.49,0.68,0.4,0,47,44,1,1
812,0.16,1,3,3,0.21,0.97,0.83,0,12,81,2,1
504,0.16,3,4,3,0.16,0.44,0.81,1,7,34,3,0
683,0.31,1,5,1,0.79,0.79,0.66,0,42,27,1,1
855,0.09,1,5,2,0.19,0.91,0.21,0,18,25,1,1
529,0.28,1,1,1,0.89,0.45,0.84,1,15,96,3,0
801,0.13,2,3,1,0.34,0.97,0.82,1,18,8,1,1
489,0.26,2,1,1,0.37,0.78,0.36,0,13,79,3,1
559,0.08,2,4,1,0.66,0.51,0.86,0,24,49,1,1
55,0.3,1,5,2,0.4,0.45,0.24,0,5,12,2,0
162,0.44,2,4,3,0.5,0.56,0.17,1,40,41,1,0
416,0.44,1,1,1,0.48,0.25,0.47,0,27,67,1,0
907,0.35,1,2,2,0.85,0.49,0.86,2,27,30,1,0
113,0.11,2,3,1,0.72,0.96,0.55,1,14,42,1,1
389,0.43,3,2,3,0.22,0.64,0.14,1,30,13,1,0
514,0.09,3,3,1,0.2,0.24,0.34,1,43,67,1,1
936,0.09,2,2,2,0.21,0.66,0.68,0,44,2,1,1
933,0.46,2,4,3,0.25,0.26,0.6,2,7,22,1,0
77,0.1,1,4,1,0.16,0.81,0.13,1,23,94,1,1
812,0.15,3,4,3,0.68,0.97,0.58,2,26,96,1,1
234,0.36,1,3,3,0.53,0.21,0.55,0,27,52,1,0
440,0.44,1,3,2,0.63,0.77,0.58,1,47,33,2,0
548,0.49,1,1,3,0.6,0.32,0.76,0,49,67,1,0
809,0.42,1,4,3,0.68,0.59,0.56,1,45,75,1,0
344,0.29,1,3,1,0.79,0.55,0.16,0,34,73,3,1
829,0.09,1,4,2,0.8,0.58,0.4,1,2,26,4,1
859,0.15,1,5,1,0.88,0.32,0.28,2,18,12,2,1
441,0.34,3,3,3,0.72,0.59,0.16,2,6,25,1,0
237,0.19,1,4,2,0.39,0.7,0.84,0,33,32,1,1
909,0.21,1,1,1,0.23,0.38,0.75,1,29,95,5,0
435,0.06,2,5,3,0.21,0.39,0.26,0,18,50,1,1
594,0.05,3,5,1,0.41,0.47,0.66,2,39,87,1,1
640,0.08,2,3,1,0.83,0.33,0.63,2,26,3,1,1
416,0.3,2,4,2,0.47,0.37,0.76,0,44,97,1,0
804,0.42,3,2,2,0.46,0.91,0.2,1,47,28,2,0
847,0.16,2,4,1,0.75,0.59,0.24,1,45,22,1,1
332,0.26,3,2,1,0.64,0.61,0.62,0,38,46,1,1
753,0.18,1,4,2,0.37,0.28,0.61,2,21,61,2,0
235,0.45,2,3,1,0.64,0.52,0.61,2,7,48,2,0
347,0.13,3,4,3,0.23,0.27,0.63,0,9,13,2,0
631,0.07,3,4,1,0.47,0.82,0.5,2,34,57,1,1
309,0.08,1,1,1,0.27,0.28,0.28,0,45,57,1,1
398,0.44,2,2,1,0.21,0.38,0.12,1,37,20,2,0
902,0.42,1,1,1,0.62,0.93,0.86,0,18,27,5,1
417,0.3,2,4,2,0.44,0.57,0.53,1,30,22,4,1
515,0.42,3,1,2,0.61,0.41,0.81,2,44,65,1,0
209,0.36,3,2,2,0.34,0.74,0.65,1,50,32,2,0
120,0.49,2,1,3,0.45,0.94,0.16,0,35,28,1,0
499,0.14,1,3,3,0.76,0.3,0.32,1,7,26,2,0
837,0.39,1,5,2,0.64,0.99,0.69,0,5,81,2,0
272,0.06,2,1,3,0.19,0.42,0.52,2,25,61,1,1
338,0.19,1,1,3,0.42,0.25,0.11,2,38,11,1,0
648,0.49,2,5,2,0.56,0.9,0.87,2,13,12,2,0
791,0.12,2,4,3,0.69,0.45,0.44,0,38,88,1,1
473,0.09,2,2,2,0.27,0.45,0.32,1,11,15,2,1
105,0.12,3,5,1,0.73,0.68,0.62,2,8,98,2,1
460,0.48,3,1,3,0.67,0.62,0.37,0,43,17,1,0
666,0.33,3,2,3,0.8,0.76,0.62,2,22,16,2,0
448,0.49,1,4,3,0.55,0.8,0.32,0,15,86,1,0
972,0.27,2,5,3,0.31,0.73,0.89,1,2,55,2,0
429,0.41,1,3,1,0.74,0.89,0.29,1,2,94,4,0
584,0.43,1,4,1,0.53,0.78,0.3,1,24,39,5,1
897,0.4,3,5,3,0.69,0.69,0.67,0,24,82,2,0
53,0.07,2,3,3,0.82,0.49,0.15,0,25,1,1,1
98,0.27,1,5,1,0.22,0.73,0.46,2,19,53,2,1
637,0.37,1,3,2,0.83,0.99,0.53,0,23,84,4,0
430,0.11,3,5,2,0.24,0.86,0.69,2,9,23,2,1
965,0.34,3,2,3,0.68,0.61,0.63,1,35,86,1,0
57,0.26,3,4,1,0.73,0.32,0.15,1,15,89,3,0
55,0.44,3,1,3,0.52,0.51,0.18,0,19,47,1,0
921,0.39,3,5,2,0.61,0.95,0.74,0,48,61,3,1
700,0.41,3,4,1,0.63,0.47,0.15,1,38,8,3,0
883,0.31,3,2,1,0.28,0.24,0.78,2,46,68,2,0
615,0.3,3,2,2,0.23,0.39,0.42,0,43,71,1,0
141,0.13,3,1,1,0.44,0.73,0.36,1,26,33,1,1
150,0.34,1,1,2,0.73,0.55,0.52,0,16,31,2,0
143,0.43,2,1,3,0.45,0.39,0.84,2,4,94,1,0
643,0.19,3,4,2,0.48,0.36,0.18,0,42,62,3,0
337,0.29,2,4,2,0.43,0.72,0.81,2,25,16,2,1
695,0.22,1,4,2,0.41,0.59,0.7,1,40,90,2,1
694,0.4,2,3,1,0.27,0.49,0.76,2,15,66,4,0
835,0.19,3,3,1,0.79,0.47,0.68,1,34,1,2,1
812,0.15,3,5,3,0.55,0.8,0.78,0,35,70,1,1
99,0.45,3,5,3,0.84,0.88,0.68,0,25,28,1,0
800,0.17,2,1,1,0.25,0.65,0.2,2,28,93,1,1
632,0.43,2,4,3,0.83,0.48,0.89,0,40,49,1,0
562,0.41,2,1,3,0.15,0.63,0.39,2,26,71,1,0
754,0.12,3,5,3,0.67,0.26,0.3,0,28,66,2,0
213,0.33,3,2,1,0.71,0.42,0.36,2,26,71,3,0
345,0.22,3,1,2,0.15,0.99,0.84,2,21,48,2,1
252,0.18,3,5,1,0.21,0.61,0.67,2,45,61,1,1
474,0.45,1,4,3,0.25,0.44,0.26,0,41,27,1,0
767,0.48,1,1,2,0.33,0.55,0.57,2,26,98,1,0
585,0.12,1,2,2,0.82,0.23,0.13,1,47,97,2,0
781,0.1,3,3,2,0.75,0.21,0.85,2,11,28,3,1
405,0.36,1,1,1,0.62,0.76,0.19,2,22,70,3,1
683,0.07,1,5,2,0.37,0.43,0.86,0,10,74,1,1
541,0.22,1,1,1,0.83,0.73,0.66,2,36,3,1,1
642,0.14,3,3,1,0.46,0.6,0.85,2,36,80,1,1
785,0.29,1,1,3,0.71,0.41,0.62,2,50,70,1,0
883,0.06,1,4,3,0.67,0.58,0.84,0,13,72,1,1
719,0.39,2,1,1,0.18,0.2,0.88,1,4,24,1,0
742,0.46,3,5,3,0.26,0.28,0.61,1,33,17,1,0
999,0.34,3,1,1,0.82,0.21,0.46,0,6,29,1,0
79,0.14,1,4,1,0.81,0.61,0.33,2,36,53,1,1
941,0.34,1,1,1,0.73,0.86,0.64,0,32,1,2,1
536,0.19,2,5,3,0.13,0.54,0.55,2,21,99,3,0
430,0.26,3,1,3,0.83,0.7,0.26,1,36,50,2,0
60,0.46,1,2,3,0.57,0.61,0.5,0,29,24,1,0
970,0.13,1,4,2,0.16,1.0,0.62,0,40,94,1,1
322,0.29,1,2,3,0.65,0.8,0.29,2,45,33,2,0
682,0.36,3,1,1,0.42,0.59,0.38,2,6,14,3,0
821,0.29,2,2,3,0.1,0.8,0.88,0,12,81,2,0
651,0.4,3,4,3,0.44,0.29,0.23,2,11,11,1,0
505,0.48,3,4,1,0.79,0.34,0.84,0,18,74,2,0
196,0.35,1,1,1,0.74,0.55,0.47,0,37,91,5,1
164,0.16,1,1,1,0.32,0.36,0.47,0,10,93,5,0
493,0.17,2,4,2,0.82,0.97,0.23,1,49,29,1,1
369,0.2,1,5,1,0.78,0.44,0.89,0,40,93,2,1
653,0.06,2,5,3,0.85,0.36,0.23,2,40,59,1,1
590,0.22,2,2,3,0.86,0.81,0.6,0,42,22,2,1
676,0.34,3,5,3,0.28,0.65,0.69,2,41,72,2,0
82,0.11,3,3,1,0.11,1.0,0.51,2,34,15,1,1
978,0.41,1,5,2,0.69,0.29,0.29,2,1,98,1,0
284,0.21,2,5,2,0.24,0.6,0.37,1,20,73,2,1
483,0.34,3,2,2,0.76,0.86,0.12,0,47,10,3,0
652,0.05,2,3,2,0.5,0.26,0.65,1,13,25,1,1
102,0.24,2,5,2,0.74,0.22,0.22,2,2,37,1,0
552,0.41,2,4,3,0.76,0.85,0.45,0,40,72,2,0
839,0.43,3,1,2,0.48,0.53,0.35,1,2,98,1,0
224,0.45,2,1,2,0.22,0.34,0.71,1,29,55,1,0
397,0.06,3,5,1,0.84,0.65,0.58,2,41,6,1,1
233,0.12,3,5,1,0.42,0.61,0.63,0,18,65,1,1
305,0.07,3,3,1,0.47,0.76,0.19,2,9,65,1,1
332,0.39,3,2,2,0.31,0.74,0.82,1,24,51,2,0
465,0.15,2,1,1,0.46,0.49,0.5,0,13,16,3,1
594,0.39,1,3,2,0.5,0.65,0.73,1,35,3,2,0
474,0.06,3,3,2,0.1,0.6,0.47,0,45,74,1,1
740,0.47,1,1,3,0.4,0.52,0.13,2,22,84,1,0
519,0.49,1,4,1,0.81,0.31,0.56,2,38,4,2,0
417,0.13,2,5,3,0.2,0.38,0.34,1,42,59,2,1
900,0.49,2,1,3,0.9,0.7,0.18,0,5,85,1,0
698,0.37,2,4,3,0.14,0.23,0.52,2,32,4,1,0
757,0.13,2,5,3,0.43,0.45,0.22,2,17,55,3,0
557,0.48,2,4,3,0.83,0.44,0.42,1,14,64,1,0
666,0.19,3,4,3,0.85,0.8,0.7,1,15,79,3,1
674,0.4,3,4,3,0.25,0.92,0.31,2,39,74,2,0
650,0.47,1,1,1,0.73,0.52,0.32,2,1,22,2,0
82,0.36,1,5,1,0.79,0.56,0.32,1,23,85,3,0
282,0.42,1,4,2,0.38,0.4,0.86,0,27,64,1,0
394,0.37,2,4,2,0.48,0.47,0.74,0,36,64,1,0
510,0.34,2,1,1,0.72,0.63,0.27,1,14,16,4,0
227,0.28,2,3,3,0.1,0.9,0.44,1,30,64,2,0
666,0.2,3,4,1,0.8,0.71,0.67,1,31,43,1,1
625,0.5,3,4,2,0.24,0.68,0.43,0,23,34,2,0
866,0.22,1,2,3,0.83,0.71,0.2,1,15,73,2,0
865,0.09,2,5,3,0.84,0.62,0.2,1,2,57,5,0
393,0.3,3,4,1,0.69,0.99,0.3,0,9,49,4,1
226,0.35,3,3,1,0.12,0.81,0.86,2,8,10,5,0
412,0.1,3,2,3,0.71,0.59,0.46,2,7,20,4,1
566,0.29,2,3,3,0.84,0.65,0.55,1,13,25,2,0
323,0.32,3,3,1,0.35,0.63,0.78,2,7,36,5,0
675,0.45,2,5,3,0.3,0.26,0.79,0,7,71,1,0
420,0.5,3,2,1,0.51,0.84,0.31,0,37,11,3,1
807,0.39,3,2,2,0.15,0.53,0.13,2,49,3,1,0
968,0.07,1,1,1,0.29,0.62,0.82,0,9,89,1,1
677,0.33,2,5,3,0.1,0.6,0.73,1,43,70,1,0
605,0.17,3,5,2,0.19,0.3,0.84,2,25,97,5,1
530,0.41,1,5,3,0.13,0.45,0.11,0,50,64,1,0
702,0.12,2,3,2,0.29,0.85,0.89,2,3,9,3,1
270,0.49,1,5,2,0.41,0.48,0.39,0,48,56,1,0
629,0.05,1,2,1,0.64,0.37,0.53,0,21,1,1,1
829,0.44,2,5,1,0.34,0.27,0.84,0,40,37,2,0
75,0.33,1,3,3,0.72,0.51,0.48,1,9,59,1,0
784,0.24,2,1,3,0.87,0.69,0.5,2,3,89,2,0
519,0.15,2,3,1,0.5,0.38,0.3,2,49,43,1,1
652,0.25,1,4,3,0.16,0.68,0.25,0,49,76,2,0
647,0.43,3,2,3,0.9,0.95,0.4,2,6,33,2,0
924,0.2,2,1,3,0.89,0.35,0.47,2,50,57,1,0
132,0.23,2,3,2,0.48,0.49,0.54,0,40,4,3,0
431,0.22,3,1,1,0.19,0.8,0.3,1,4,21,11,0
142,0.29,1,5,1,0.1,0.68,0.82,1,14,45,2,1
165,0.12,2,4,3,0.83,0.44,0.77,2,49,38,1,1
440,0.34,1,5,3,0.75,0.6,0.83,1,7,33,2,0
132,0.31,1,3,3,0.1,0.94,0.48,1,5,14,2,0
99,0.45,2,2,3,0.55,0.24,0.58,0,41,95,1,0
439,0.19,1,4,3,0.24,0.32,0.48,0,44,86,2,0
90,0.49,2,2,3,0.11,0.64,0.13,0,13,73,1,0
319,0.4,3,1,1,0.1,0.86,0.62,2,49,66,2,1
808,0.31,3,1,3,0.6,0.6,0.88,0,37,4,1,0
190,0.17,1,4,3,0.53,0.5,0.39,1,6,24,2,0
396,0.23,1,5,1,0.6,0.44,0.7,1,3,43,8,1
864,0.2,1,2,1,0.17,0.62,0.28,2,31,23,1,1
314,0.05,1,1,3,0.2,0.41,0.12,0,39,23,1,1
187,0.5,3,3,3,0.15,0.72,0.25,1,30,38,1,0
616,0.29,1,4,2,0.26,0.95,0.87,1,47,49,1,1
132,0.46,3,5,1,0.79,0.3,0.44,1,6,30,2,0
366,0.4,1,1,1,0.44,0.97,0.55,2,29,53,2,1
852,0.33,1,2,1,0.88,0.81,0.31,2,18,6,4,1
320,0.21,2,3,1,0.76,0.72,0.39,0,30,67,1,1
475,0.06,2,3,1,0.47,0.62,0.39,1,11,90,1,1
659,0.35,1,1,3,0.52,0.32,0.46,2,47,40,1,0
989,0.15,3,4,3,0.32,0.26,0.54,2,10,84,2,0
540,0.43,2,4,2,0.63,0.7,0.63,0,4,81,2,0
182,0.15,2,5,2,0.12,0.46,0.44,1,43,37,1,1
465,0.45,1,3,1,0.46,0.94,0.41,0,13,81,4,0
334,0.46,3,1,3,0.62,0.34,0.7,0,4,40,1,0
753,0.47,3,2,3,0.36,0.6,0.37,0,29,72,1,0
87,0.14,3,3,1,0.75,0.32,0.48,1,6,5,4,1
702,0.39,2,3,3,0.88,0.62,0.39,0,13,18,1,0
767,0.37,1,1,1,0.5,0.35,0.77,1,9,80,2,0
599,0.24,3,5,3,0.68,0.47,0.19,2,34,36,1,0
72,0.16,2,3,1,0.68,0.26,0.74,1,44,28,1,1
870,0.1,2,5,2,0.5,0.67,0.89,2,19,80,1,1
379,0.35,1,5,1,0.77,0.88,0.71,2,10,78,3,1
316,0.45,1,5,3,0.4,0.2,0.16,0,2,55,1,0
626,0.1,1,1,3,0.85,0.21,0.55,2,28,1,1,0
929,0.09,1,3,3,0.43,0.31,0.76,0,18,95,2,1
378,0.34,2,3,2,0.87,0.89,0.87,0,6,89,2,0
993,0.08,1,2,1,0.5,0.58,0.6,1,21,34,1,1
933,0.36,1,1,1,0.6,0.44,0.84,2,19,47,2,0
445,0.13,3,5,3,0.48,0.48,0.71,1,5,45,5,1
81,0.45,3,1,2,0.75,0.36,0.5,1,29,7,1,0
552,0.36,3,4,3,0.64,0.95,0.44,1,2,14,2,0
991,0.12,2,1,1,0.9,0.56,0.66,2,41,22,1,1
752,0.42,2,3,2,0.28,0.77,0.78,2,10,71,2,0
212,0.31,1,4,1,0.67,0.72,0.48,2,8,47,8,1
745,0.09,2,3,1,0.74,0.38,0.82,0,43,78,1,1
707,0.22,1,2,3,0.15,0.32,0.39,1,33,92,1,0
702,0.29,2,2,2,0.41,0.68,0.8,1,39,11,4,0
735,0.3,2,5,2,0.87,0.68,0.61,0,39,17,2,1
987,0.38,1,1,2,0.72,0.21,0.79,2,23,13,1,0
445,0.26,1,4,3,0.45,0.47,0.39,2,4,57,1,0
408,0.14,1,3,1,0.18,0.56,0.63,1,34,53,1,1
736,0.11,1,3,2,0.63,0.83,0.3,1,22,95,1,1
868,0.44,2,4,1,0.43,0.66,0.1,0,14,47,3,0
386,0.46,1,2,3,0.89,0.3,0.46,1,10,14,1,0
97,0.39,1,5,2,0.88,0.64,0.13,0,32,2,2,0
712,0.46,1,3,1,0.65,0.34,0.84,1,37,90,2,0
197,0.32,2,3,1,0.86,0.9,0.51,2,5,86,7,0
803,0.29,2,1,1,0.85,0.55,0.47,0,35,75,3,1
387,0.26,2,3,2,0.82,0.37,0.11,2,19,33,2,0
964,0.28,3,4,2,0.15,0.99,0.46,0,11,11,6,1
794,0.33,3,4,1,0.52,0.74,0.46,2,34,83,2,1
901,0.32,3,2,1,0.64,0.88,0.1,1,12,4,5,1
745,0.44,2,4,1,0.72,0.23,0.4,0,35,15,2,0
323,0.14,1,1,2,0.85,0.78,0.5,2,28,65,1,1
631,0.18,3,5,3,0.32,0.57,0.87,0,39,4,2,1
467,0.4,1,4,1,0.14,0.65,0.18,0,7,45,3,0
131,0.09,1,5,3,0.66,0.84,0.62,1,29,92,1,1
375,0.26,3,5,3,0.51,0.42,0.16,2,43,1,1,0
265,0.48,2,1,1,0.2,0.85,0.24,2,7,84,3,0
448,0.09,2,1,2,0.72,0.92,0.76,0,17,11,1,1
384,0.14,3,3,2,0.71,0.32,0.48,2,47,26,3,0
901,0.05,1,2,1,0.17,0.82,0.43,0,8,53,1,1
403,0.35,1,1,3,0.26,0.9,0.68,1,46,54,2,0
950,0.33,1,2,3,0.47,0.24,0.13,1,24,3,1,0
505,0.39,1,1,1,0.8,0.68,0.84,1,9,27,3,0
429,0.25,3,2,3,0.3,0.64,0.14,2,11,43,2,0
266,0.23,3,5,1,0.47,0.44,0.16,1,36,67,2,1
682,0.33,1,4,3,0.14,0.5,0.25,0,6,33,1,0
836,0.28,3,4,3,0.21,0.89,0.54,2,29,9,2,0
372,0.38,3,3,1,0.42,1.0,0.76,2,47,88,1,1
672,0.08,1,1,2,0.35,0.36,0.77,0,38,72,1,1
67,0.43,3,1,2,0.59,0.26,0.53,2,19,51,1,0
449,0.25,3,5,2,0.88,0.52,0.34,0,30,69,4,0
232,0.38,1,2,3,0.61,0.48,0.3,1,33,4,1,0
717,0.32,1,4,3,0.86,0.58,0.87,0,1,45,2,0
235,0.25,1,2,3,0.84,0.31,0.22,0,12,11,1,0
335,0.15,3,5,1,0.71,0.23,0.53,2,42,4,2,1
134,0.05,3,2,3,0.65,0.65,0.89,0,2,91,3,1
843,0.12,2,3,3,0.45,0.52,0.45,1,28,92,2,1
738,0.43,3,2,1,0.62,0.31,0.14,0,26,45,2,0
683,0.06,2,5,1,0.31,0.3,0.19,0,2,86,4,1
685,0.48,3,1,2,0.13,0.4,0.36,1,18,67,1,0
858,0.48,2,5,1,0.73,0.51,0.49,0,46,48,2,0
653,0.24,1,5,3,0.61,0.45,0.22,1,5,99,1,0
254,0.21,1,5,1,0.65,0.82,0.24,0,7,15,3,1
689,0.37,3,3,1,0.52,0.72,0.38,0,5,74,3,0
202,0.29,2,3,3,0.75,0.34,0.62,0,46,32,1,0
364,0.43,2,3,2,0.72,1.0,0.16,1,35,95,3,0
885,0.23,3,4,3,0.59,0.84,0.54,2,36,6,2,1
175,0.31,2,5,3,0.3,0.41,0.44,2,43,48,1,0
780,0.05,3,5,3,0.8,0.98,0.17,1,20,33,1,1
523,0.21,3,1,3,0.14,0.34,0.2,1,2,39,1,0
940,0.5,3,1,2,0.17,0.99,0.64,2,11,41,2,0
658,0.32,3,3,3,0.16,0.73,0.85,1,22,77,2,0
745,0.26,3,3,2,0.43,0.34,0.23,1,29,100,1,0
422,0.21,1,1,3,0.12,0.31,0.28,1,50,30,1,0
892,0.17,3,4,3,0.52,0.5,0.69,2,9,25,2,0
486,0.39,2,2,1,0.59,0.65,0.8,2,20,6,3,0
832,0.35,3,4,3,0.82,0.6,0.75,0,43,28,1,0
331,0.49,3,3,1,0.19,0.96,0.23,1,49,42,2,1
575,0.33,1,4,1,0.53,0.85,0.39,2,13,88,3,1
163,0.05,1,3,2,0.22,0.32,0.81,1,2,23,4,1
877,0.21,1,2,2,0.88,0.79,0.48,0,46,89,1,1
279,0.48,2,5,1,0.79,0.55,0.11,1,1,33,2,0
69,0.11,1,1,1,0.13,0.71,0.14,0,9,89,1,1
446,0.38,3,5,2,0.79,0.34,0.5,1,24,34,1,0
578,0.09,1,4,2,0.16,0.23,0.46,1,1,92,6,0
754,0.31,3,4,2,0.85,0.93,0.57,1,46,8,1,1
904,0.08,1,1,1,0.43,0.58,0.74,2,26,93,1,1
277,0.17,3,5,1,0.16,0.66,0.35,1,25,95,1,1
245,0.5,3,4,3,0.66,0.7,0.76,1,22,36,1,0
149,0.49,2,4,3,0.14,0.25,0.76,0,20,6,1,0
911,0.19,3,4,2,0.87,0.26,0.42,0,12,34,2,0
616,0.38,2,3,3,0.85,0.37,0.55,1,43,17,1,0
942,0.48,3,5,2,0.84,0.86,0.5,0,27,8,2,0
660,0.42,3,5,2,0.71,0.43,0.26,0,18,22,1,0
765,0.24,2,3,2,0.3,0.23,0.77,1,9,97,1,0
615,0.12,3,4,3,0.77,0.59,0.19,0,9,59,4,1
491,0.38,1,1,3,0.3,0.42,0.65,1,34,88,1,0
510,0.45,2,3,2,0.17,1.0,0.29,0,23,64,2,0
877,0.5,2,4,2,0.84,0.4,0.39,2,24,50,1,0
653,0.28,2,5,1,0.29,0.4,0.57,2,11,62,5,0
367,0.31,1,4,2,0.62,0.84,0.61,1,26,30,3,1
427,0.11,3,1,2,0.5,1.0,0.18,0,28,9,1,1
65,0.18,3,3,1,0.22,0.97,0.24,0,26,85,1,1
835,0.07,1,2,3,0.51,0.48,0.24,2,2,12,6,0
212,0.11,1,1,2,0.33,0.46,0.87,2,35,9,1,1
833,0.43,2,2,1,0.87,0.42,0.77,0,10,49,2,0
550,0.4,3,2,2,0.82,0.99,0.1,0,15,71,2,0
121,0.23,2,5,1,0.39,0.93,0.84,2,26,13,1,1
745,0.2,3,2,1,0.73,0.97,0.7,2,23,49,1,1
941,0.09,1,5,1,0.89,0.79,0.12,1,1,18,5,1
275,0.31,2,2,2,0.87,0.55,0.46,0,31,58,2,0
338,0.15,2,1,3,0.5,0.36,0.62,0,40,49,2,0
625,0.24,1,3,1,0.54,0.98,0.85,0,38,15,1,1
257,0.49,1,2,2,0.72,0.36,0.56,1,35,52,1,0
660,0.11,2,3,2,0.1,0.5,0.28,1,47,2,1,1
357,0.27,2,1,3,0.9,0.88,0.54,2,38,46,2,0
842,0.37,1,5,1,0.84,0.47,0.28,2,37,91,3,0
272,0.22,2,5,1,0.45,0.36,0.72,0,49,20,2,1
857,0.13,2,2,2,0.69,0.66,0.71,1,2,14,5,0
542,0.28,3,3,1,0.73,0.45,0.59,1,20,26,8,1
934,0.09,1,4,3,0.73,0.76,0.36,1,28,92,1,1
582,0.47,2,2,2,0.17,0.83,0.13,2,19,100,2,0
140,0.34,3,5,3,0.67,0.62,0.34,1,39,24,1,0
785,0.06,2,2,3,0.62,0.92,0.11,2,2,86,3,1
354,0.43,3,4,2,0.79,0.78,0.71,0,21,42,2,0
983,0.49,1,3,2,0.66,0.32,0.52,1,10,69,1,0
367,0.28,3,3,2,0.15,1.0,0.86,0,41,37,1,1
728,0.49,1,1,1,0.27,0.67,0.32,2,50,45,3,0
292,0.31,1,4,3,0.41,0.31,0.89,1,10,17,1,0
59,0.27,3,3,2,0.28,0.34,0.1,2,17,63,1,0
670,0.47,1,3,2,0.56,0.38,0.31,1,42,76,1,0
91,0.26,1,4,1,0.56,0.41,0.12,2,27,92,3,0
146,0.28,3,5,1,0.29,0.56,0.17,1,38,40,2,1
336,0.29,2,5,2,0.62,0.35,0.78,1,38,85,2,0
723,0.28,1,1,1,0.33,0.74,0.65,0,50,44,1,1
788,0.13,2,1,3,0.11,0.87,0.36,0,44,15,1,1
419,0.47,3,1,1,0.18,0.48,0.4,1,22,35,2,0
850,0.25,2,1,3,0.38,0.82,0.48,2,7,20,2,0
201,0.45,2,2,1,0.32,0.46,0.5,0,46,33,2,0
699,0.32,2,3,1,0.85,0.41,0.14,2,5,98,2,0
160,0.29,1,2,1,0.52,0.37,0.83,2,17,23,3,0
639,0.37,2,5,1,0.66,0.42,0.45,0,8,68,3,0
188,0.18,2,2,3,0.38,0.23,0.34,2,45,60,1,0
478,0.13,3,2,1,0.75,0.67,0.25,2,6,89,2,1
179,0.43,3,4,2,0.72,0.23,0.13,1,12,20,1,0
956,0.16,3,3,3,0.46,0.26,0.72,2,14,69,1,0
948,0.46,3,1,3,0.11,0.84,0.29,1,36,68,1,0
417,0.5,1,2,1,0.34,0.39,0.7,1,1,78,2,0
426,0.29,2,5,2,0.1,0.8,0.9,1,18,71,2,1
979,0.2,1,5,1,0.83,0.72,0.51,0,41,75,1,1
842,0.14,2,5,2,0.75,0.93,0.74,0,7,82,2,1
368,0.43,1,5,1,0.21,0.91,0.65,1,16,32,7,1
131,0.3,3,5,3,0.6,0.31,0.37,1,47,15,1,0
203,0.1,3,5,3,0.61,0.98,0.11,2,13,62,1,1
418,0.4,2,4,2,0.64,0.29,0.71,2,15,5,1,0
613,0.19,3,2,1,0.6,0.73,0.83,0,9,81,3,1
910,0.35,3,4,2,0.72,0.74,0.72,0,37,61,2,1
155,0.5,1,1,3,0.52,0.92,0.64,2,44,39,1,0
733,0.11,1,4,1,0.44,0.85,0.17,1,28,54,1,1
882,0.1,2,5,1,0.85,0.8,0.68,0,6,12,2,1
740,0.32,1,1,3,0.17,0.9,0.73,1,38,33,2,0
880,0.48,3,4,1,0.8,0.44,0.44,2,17,43,2,0
206,0.5,2,4,1,0.51,0.21,0.13,2,6,78,1,0
442,0.27,2,1,3,0.66,0.61,0.52,2,50,20,1,0
686,0.19,2,5,2,0.31,0.22,0.65,1,7,46,2,0
544,0.45,1,1,3,0.32,0.95,0.44,1,24,88,1,0
511,0.38,2,4,2,0.61,0.94,0.54,2,13,75,2,0
88,0.18,3,3,1,0.13,0.63,0.89,1,26,93,1,1
503,0.27,3,3,3,0.74,0.4,0.85,0,41,78,1,0
482,0.47,3,1,2,0.61,0.66,0.33,1,25,14,1,0
354,0.43,1,2,1,0.72,0.59,0.59,2,22,16,3,0
997,0.45,3,3,2,0.3,0.72,0.58,1,27,75,2,0
576,0.17,3,4,2,0.66,0.85,0.81,2,17,29,1,1
273,0.13,1,5,3,0.82,0.22,0.43,1,5,9,1,0
981,0.35,3,4,3,0.54,0.8,0.88,2,43,100,2,0
629,0.08,3,1,3,0.42,0.84,0.7,2,22,42,1,1
688,0.16,2,3,3,0.18,0.5,0.83,2,33,66,2,0
801,0.22,3,2,3,0.78,0.55,0.44,1,39,59,2,0
946,0.08,2,2,3,0.38,0.3,0.88,0,29,38,2,1
289,0.35,1,4,3,0.72,0.44,0.87,2,44,1,1,0
889,0.43,2,4,2,0.34,0.84,0.67,1,22,83,2,0
298,0.09,1,2,2,0.87,0.76,0.52,0,45,50,1,1
915,0.45,2,3,1,0.15,0.23,0.67,2,9,61,1,0
830,0.09,1,4,2,0.8,0.66,0.12,2,41,33,1,1
857,0.5,2,1,1,0.46,0.42,0.53,2,43,53,2,0
540,0.25,3,2,2,0.49,0.32,0.58,2,19,7,1,0
65,0.07,2,1,2,0.53,0.88,0.57,2,18,61,1,1
529,0.1,3,4,3,0.82,0.93,0.7,2,16,3,1,1
504,0.42,3,2,3,0.46,0.45,0.33,0,15,87,1,0
446,0.45,3,3,2,0.42,0.23,0.81,1,22,94,1,0
345,0.05,1,4,1,0.65,0.78,0.9,1,3,74,2,1
304,0.44,3,3,1,0.35,0.24,0.55,2,12,66,1,0
600,0.5,3,3,1,0.7,0.26,0.42,1,2,65,1,0
622,0.45,2,4,2,0.61,0.65,0.1,1,26,61,2,0
968,0.36,1,3,1,0.27,0.24,0.25,0,33,21,1,0
988,0.44,3,5,3,0.83,0.85,0.44,0,28,25,1,0
765,0.11,2,2,3,0.27,0.47,0.7,1,5,89,3,0
873,0.35,2,2,1,0.26,0.22,0.66,2,12,83,1,0
309,0.35,1,5,3,0.55,0.22,0.26,2,7,41,1,0
208,0.32,3,3,1,0.11,0.71,0.51,2,24,61,3,1
256,0.22,3,2,1,0.48,0.23,0.54,0,15,2,2,0
98,0.16,3,2,1,0.38,0.53,0.29,1,7,44,5,1
115,0.37,2,3,2,0.37,0.5,0.18,2,47,41,1,0
633,0.06,1,5,2,0.73,0.28,0.76,2,9,18,2,1
538,0.14,3,4,2,0.13,0.53,0.43,1,5,26,4,0
179,0.05,2,1,3,0.16,0.82,0.17,1,30,68,1,1
703,0.33,1,2,2,0.26,0.59,0.52,1,3,48,2,0
405,0.15,1,4,1,0.1,0.66,0.24,2,43,5,1,1
646,0.32,2,3,3,0.31,0.89,0.63,1,21,42,2,0
177,0.23,1,2,2,0.14,0.85,0.51,1,13,18,3,1
966,0.32,2,2,3,0.52,0.38,0.31,1,2,50,1,0
381,0.41,2,1,2,0.72,0.79,0.13,0,14,96,2,0
460,0.4,2,4,1,0.2,0.56,0.29,0,30,19,4,0
654,0.05,3,3,3,0.41,0.92,0.38,2,34,98,1,1
503,0.21,1,5,1,0.24,0.67,0.18,2,28,22,1,1
773,0.05,2,2,2,0.1,0.39,0.85,0,43,54,1,1
984,0.24,1,1,3,0.25,0.25,0.84,0,32,24,1,0
474,0.47,2,4,3,0.46,0.96,0.56,1,31,59,2,0
624,0.05,2,5,1,0.47,0.69,0.4,0,34,3,1,1
537,0.13,1,4,2,0.86,0.5,0.41,1,28,34,1,1
439,0.09,1,1,3,0.69,0.53,0.11,2,20,36,1,1
452,0.24,3,3,1,0.19,0.89,0.65,1,10,8,3,1
459,0.11,1,4,1,0.13,0.49,0.27,0,9,13,2,1
733,0.16,2,2,2,0.68,0.35,0.35,1,25,36,2,0
282,0.4,2,3,2,0.69,0.27,0.59,1,18,57,1,0
102,0.23,3,4,1,0.27,0.45,0.37,2,25,94,4,1
580,0.49,3,1,1,0.5,0.31,0.37,0,33,68,1,0
650,0.19,2,4,2,0.79,0.23,0.78,0,40,28,2,0
383,0.12,2,2,3,0.37,0.35,0.63,1,41,95,2,0
797,0.29,2,1,1,0.29,0.22,0.83,2,49,60,1,0
891,0.16,3,3,3,0.73,0.37,0.5,0,50,14,2,0
505,0.25,2,1,3,0.59,0.24,0.31,1,28,94,1,0
243,0.5,3,4,3,0.67,0.6,0.67,1,18,34,1,0
166,0.25,2,4,1,0.65,0.23,0.5,1,44,40,2,0
271,0.17,3,5,2,0.52,0.24,0.89,2,6,40,2,0
264,0.44,2,4,1,0.32,0.98,0.58,2,13,23,6,0
57,0.27,2,5,3,0.7,0.43,0.84,1,50,91,1,0
74,0.3,2,4,1,0.73,0.46,0.32,0,14,18,3,1
382,0.32,3,3,1,0.67,0.79,0.81,0,8,43,5,1
636,0.25,3,5,1,0.17,0.58,0.56,1,30,99,2,1
929,0.14,2,1,1,0.71,0.65,0.57,2,10,93,2,1
297,0.25,1,4,3,0.5,0.55,0.49,2,39,37,1,0
367,0.4,3,4,3,0.46,0.29,0.19,0,22,93,1,0
997,0.17,3,1,1,0.17,0.31,0.1,0,41,53,2,1
246,0.09,2,3,3,0.55,0.8,0.37,2,14,51,1,1
455,0.29,3,1,1,0.76,0.84,0.7,1,5,60,8,0
794,0.5,3,4,2,0.63,0.34,0.45,1,18,20,1,0
398,0.13,1,1,2,0.87,0.83,0.71,1,45,13,1,1
550,0.06,2,1,1,0.46,0.99,0.44,1,18,4,1,1
921,0.49,2,4,1,0.6,0.75,0.83,1,22,93,4,1
482,0.23,3,4,1,0.12,0.27,0.23,1,7,65,3,0
578,0.3,2,2,2,0.1,0.78,0.19,0,14,25,2,0
935,0.33,2,4,2,0.81,0.65,0.46,1,45,86,2,0
126,0.49,2,5,2,0.88,0.47,0.34,1,9,35,1,0
919,0.11,2,2,1,0.61,0.26,0.28,0,34,69,2,1
767,0.05,3,3,2,0.46,0.32,0.33,2,44,93,1,1
555,0.41,2,5,2,0.89,0.67,0.76,2,1,72,2,0
771,0.2,2,2,2,0.61,0.74,0.45,1,40,6,1,1
745,0.32,1,5,2,0.1,0.81,0.24,2,48,35,2,1
349,0.26,2,1,2,0.8,0.56,0.63,0,21,15,2,0
519,0.45,3,3,3,0.72,0.99,0.34,1,27,70,1,0
804,0.41,3,2,3,0.49,0.8,0.39,1,35,16,1,0
342,0.08,3,4,1,0.68,0.46,0.8,2,38,27,1,1
425,0.33,2,2,1,0.14,0.77,0.76,2,27,1,2,1
377,0.05,2,4,1,0.78,0.27,0.5,2,48,70,1,1
319,0.47,3,1,3,0.54,0.72,0.47,1,4,47,1,0
175,0.43,3,1,2,0.21,0.69,0.36,2,41,98,2,0
485,0.41,1,1,2,0.79,0.63,0.18,1,13,21,2,0
603,0.15,1,5,3,0.45,0.87,0.8,0,12,30,2,1
306,0.23,3,2,1,0.79,0.42,0.23,0,2,16,3,0
394,0.19,3,3,3,0.28,0.71,0.81,1,1,78,3,0
674,0.07,2,5,2,0.45,0.89,0.82,0,8,79,1,1
617,0.09,1,1,1,0.11,0.63,0.7,2,39,2,1,1
85,0.22,1,3,1,0.34,0.81,0.1,0,32,79,1,1
913,0.19,3,3,3,0.82,0.9,0.59,1,50,40,1,1
694,0.36,2,3,1,0.32,0.91,0.64,0,49,97,1,1
207,0.05,3,4,3,0.27,0.41,0.86,0,31,65,1,1
593,0.17,1,5,3,0.12,0.81,0.62,2,3,38,5,0
149,0.19,3,2,3,0.55,0.83,0.74,0,2,30,3,0
428,0.12,3,2,3,0.39,0.39,0.36,2,43,11,2,1
787,0.41,3,2,3,0.61,0.75,0.57,2,27,97,1,0
905,0.06,2,2,1,0.41,0.44,0.14,2,42,52,1,1
971,0.17,3,5,2,0.15,0.91,0.56,1,34,91,1,1
306,0.18,3,4,1,0.68,0.89,0.22,2,24,15,1,1
776,0.12,1,2,2,0.11,0.74,0.18,0,18,61,1,1
346,0.1,1,2,3,0.32,0.66,0.85,2,40,97,1,1
923,0.09,1,5,3,0.56,0.99,0.3,0,22,26,1,1
75,0.28,1,2,1,0.84,0.62,0.24,2,37,45,3,1
530,0.23,2,3,1,0.6,0.73,0.37,2,29,21,1,1
478,0.07,1,5,1,0.49,0.6,0.83,2,21,99,1,1
915,0.15,3,3,1,0.42,0.43,0.84,2,44,25,1,1
996,0.25,3,2,1,0.76,0.41,0.23,1,33,97,5,0
797,0.4,1,3,2,0.72,0.7,0.31,2,12,92,2,0
866,0.2,1,3,2,0.57,0.62,0.87,2,21,40,2,1
820,0.45,1,4,2,0.12,0.64,0.39,0,2,46,1,0
527,0.37,3,1,3,0.18,0.77,0.36,0,10,58,1,0
421,0.35,2,1,1,0.13,0.75,0.79,1,8,68,4,0
740,0.25,2,1,2,0.19,0.9,0.74,0,37,70,1,1
175,0.44,3,2,2,0.66,0.42,0.47,2,23,70,1,0
971,0.26,1,5,3,0.59,0.79,0.86,0,36,88,3,0
906,0.15,3,4,2,0.85,0.96,0.81,2,26,65,1,1
255,0.24,3,4,3,0.3,1.0,0.52,2,6,51,2,0
777,0.24,2,4,1,0.28,0.68,0.54,0,18,71,2,1
692,0.08,2,3,1,0.65,0.91,0.59,1,30,25,1,1
942,0.24,3,5,3,0.51,0.31,0.34,1,18,5,1,0
740,0.21,1,1,2,0.16,0.44,0.61,0,19,39,2,0
562,0.15,2,4,1,0.58,0.21,0.8,2,46,6,2,1
826,0.27,3,5,3,0.52,0.74,0.21,1,36,91,2,0
688,0.09,1,4,1,0.76,0.88,0.39,0,14,53,1,1
954,0.06,3,2,3,0.53,0.47,0.68,2,25,22,1,1
290,0.1,2,4,3,0.82,0.89,0.51,0,33,26,1,1
945,0.08,1,3,2,0.43,0.66,0.39,1,49,69,1,1
374,0.43,2,3,2,0.25,0.85,0.4,0,1,63,2,0
462,0.29,3,5,1,0.85,0.97,0.27,1,19,12,2,1
235,0.27,2,2,1,0.13,0.84,0.29,2,35,84,2,1
885,0.1,2,3,2,0.57,0.39,0.73,1,8,9,3,1
716,0.05,3,3,2,0.34,0.72,0.25,2,1,47,4,1
185,0.48,2,4,3,0.36,0.44,0.81,2,18,73,1,0
977,0.44,3,4,3,0.3,0.88,0.36,0,22,21,1,0
398,0.45,1,5,1,0.49,0.73,0.63,0,11,11,9,1
617,0.26,2,3,2,0.86,0.55,0.52,1,50,15,2,1
890,0.14,2,2,1,0.1,0.47,0.51,1,6,34,5,1
200,0.45,1,4,3,0.24,0.44,0.69,2,34,39,1,0
240,0.05,1,3,3,0.49,0.53,0.52,1,47,25,1,1
859,0.13,1,3,1,0.18,0.4,0.25,0,26,93,2,1
842,0.3,3,3,1,0.48,0.41,0.9,0,20,96,5,0
987,0.25,3,2,1,0.67,0.47,0.19,0,26,2,4,1
278,0.16,3,5,2,0.41,0.71,0.48,2,6,41,3,1
225,0.17,3,3,2,0.6,0.51,0.68,0,26,73,2,1
894,0.28,2,2,3,0.84,0.78,0.46,2,47,44,2,0
87,0.23,2,4,3,0.36,0.63,0.87,0,22,73,2,0
403,0.18,2,5,2,0.39,0.88,0.54,2,38,18,1,1
874,0.29,3,5,2,0.62,0.68,0.85,2,41,90,1,1
759,0.17,3,2,3,0.12,0.63,0.61,0,38,60,2,1
922,0.06,2,4,1,0.21,0.38,0.68,0,42,4,1,1
206,0.46,2,3,2,0.66,0.84,0.38,0,32,2,2,0
466,0.26,1,4,1,0.47,0.42,0.41,1,15,70,6,0
705,0.14,3,5,1,0.62,0.94,0.12,2,8,23,2,1
506,0.5,2,2,2,0.2,0.51,0.49,2,40,91,1,0
500,0.18,1,3,1,0.34,0.83,0.79,2,33,81,1,1
545,0.32,1,5,1,0.24,0.83,0.25,1,35,47,2,1
885,0.06,1,5,2,0.24,0.63,0.9,0,21,11,1,1
993,0.27,3,4,1,0.69,0.41,0.84,1,46,34,1,1
843,0.21,2,1,1,0.9,0.62,0.58,1,3,97,5,0
153,0.48,1,2,2,0.7,0.62,0.64,2,22,44,1,0
994,0.06,1,1,3,0.33,0.3,0.44,2,36,98,1,1
100,0.48,2,4,3,0.54,0.42,0.16,0,46,67,1,0
506,0.31,2,2,2,0.12,0.51,0.81,1,50,47,2,0
418,0.28,1,3,3,0.53,0.67,0.47,2,10,73,2,0
66,0.08,2,2,1,0.22,0.41,0.73,0,25,19,1,1
634,0.38,2,4,2,0.11,0.56,0.54,2,35,70,2,0
96,0.16,2,5,1,0.8,0.26,0.84,0,19,53,3,1
405,0.44,1,2,2,0.58,0.53,0.86,1,44,58,1,0
738,0.36,2,5,2,0.46,0.46,0.25,2,46,21,1,0
319,0.16,1,5,1,0.85,0.49,0.81,0,33,22,1,1
937,0.48,2,1,3,0.47,0.77,0.37,1,6,79,1,0
674,0.38,3,2,2,0.9,0.64,0.79,2,32,40,2,0
500,0.27,1,5,1,0.9,0.93,0.64,0,18,37,2,1
142,0.36,1,3,1,0.73,0.89,0.61,0,20,82,3,1
937,0.34,2,1,2,0.28,0.67,0.78,2,40,79,2,0
726,0.27,2,3,2,0.33,0.98,0.89,2,35,30,2,1
57,0.25,2,2,2,0.85,0.66,0.46,2,47,78,2,1
294,0.43,2,4,1,0.29,0.24,0.68,1,38,18,2,0
902,0.35,1,4,3,0.82,0.26,0.45,1,35,26,1,0
482,0.46,2,5,3,0.51,0.93,0.52,2,35,35,1,0
633,0.37,3,1,3,0.86,0.3,0.23,1,23,60,1,0
904,0.19,1,4,3,0.76,0.37,0.69,2,26,78,2,0
313,0.28,3,3,1,0.62,0.27,0.61,2,16,29,3,0
900,0.1,1,1,2,0.33,0.65,0.7,0,22,83,1,1
871,0.41,2,4,3,0.62,0.41,0.88,1,2,17,1,0
400,0.31,2,4,1,0.3,0.47,0.86,1,43,30,2,1
773,0.26,1,3,2,0.58,0.61,0.53,0,36,49,3,1
63,0.28,1,5,3,0.47,0.74,0.1,1,27,31,2,0
465,0.39,3,4,3,0.31,0.58,0.58,1,38,58,1,0
715,0.45,2,4,3,0.12,0.94,0.24,1,28,12,1,0
424,0.18,1,5,3,0.22,0.53,0.26,0,49,64,3,1
664,0.45,2,1,1,0.71,0.83,0.16,1,24,19,5,0
769,0.43,2,5,1,0.23,1.0,0.36,2,4,8,5,0
974,0.33,3,3,2,0.81,0.54,0.48,1,42,48,2,0
430,0.39,3,2,3,0.55,0.36,0.3,2,1,68,1,0
135,0.17,3,2,3,0.15,0.59,0.24,1,3,55,2,0
603,0.21,3,3,3,0.43,0.57,0.76,1,42,47,3,0
104,0.46,1,2,3,0.59,0.71,0.52,1,19,25,1,0
828,0.32,3,3,2,0.32,0.55,0.79,1,47,61,2,0
369,0.05,2,5,2,0.7,0.85,0.57,0,21,49,1,1
329,0.41,2,3,2,0.14,0.6,0.66,1,38,27,1,0
949,0.05,3,2,2,0.8,0.6,0.41,0,27,51,1,1
170,0.39,3,1,1,0.65,0.89,0.11,2,25,98,3,1
446,0.24,1,1,2,0.55,0.89,0.74,2,4,56,3,0
929,0.12,2,5,1,0.2,0.42,0.38,0,9,57,2,1
542,0.06,1,1,1,0.77,0.97,0.37,0,43,60,1,1
588,0.36,1,5,1,0.23,0.73,0.3,2,43,37,2,1
242,0.47,1,2,2,0.81,0.76,0.61,0,34,64,2,0
927,0.08,1,1,1,0.49,0.57,0.75,0,48,58,1,1
390,0.27,3,3,2,0.9,0.37,0.11,1,42,54,1,0
355,0.49,2,2,1,0.3,0.97,0.55,1,29,95,3,1
879,0.49,3,3,1,0.4,0.44,0.55,2,10,75,2,0
750,0.42,3,2,2,0.39,0.6,0.31,0,48,44,2,0
464,0.41,1,2,1,0.15,0.55,0.66,1,49,62,3,1
828,0.08,2,3,2,0.34,0.96,0.33,1,17,28,1,1
430,0.46,2,4,3,0.3,0.36,0.12,0,39,11,1,0
963,0.3,2,2,3,0.17,0.46,0.19,1,38,55,1,0
591,0.27,2,2,1,0.75,0.31,0.29,2,35,55,2,0
286,0.43,3,5,3,0.87,0.52,0.78,2,3,54,1,0
711,0.22,1,4,2,0.21,0.76,0.34,1,43,72,1,1
879,0.39,2,3,3,0.17,0.45,0.5,1,34,62,1,0
699,0.08,1,1,2,0.21,0.28,0.5,1,48,42,1,1
242,0.41,2,2,1,0.29,0.57,0.78,1,20,45,3,0
742,0.45,1,5,2,0.86,0.82,0.58,0,18,26,2,0
338,0.11,3,3,2,0.38,0.56,0.35,1,22,40,1,1
634,0.49,1,2,1,0.55,0.34,0.77,0,29,38,2,0
515,0.07,2,4,3,0.42,0.75,0.18,0,17,53,1,1
253,0.09,1,2,3,0.77,0.25,0.23,2,27,36,2,0
180,0.36,3,4,1,0.82,0.44,0.58,2,20,45,5,0
448,0.17,2,5,2,0.77,0.66,0.11,2,16,69,3,1
627,0.22,2,2,1,0.88,0.89,0.54,0,10,52,3,1
717,0.24,1,3,3,0.26,0.45,0.16,2,3,61,1,0
277,0.18,3,1,3,0.58,0.61,0.13,0,1,61,2,0
762,0.42,3,2,3,0.15,0.4,0.7,2,46,100,1,0
710,0.07,2,4,3,0.78,0.24,0.3,1,6,4,4,1
339,0.26,3,1,2,0.83,0.93,0.64,1,23,79,2,1
518,0.41,1,4,2,0.2,0.52,0.26,0,17,79,1,0
287,0.08,3,4,2,0.23,0.3,0.8,0,19,20,3,1
353,0.15,3,2,2,0.38,0.55,0.72,0,7,45,4,0
899,0.14,2,3,3,0.74,0.62,0.76,2,12,46,5,0
765,0.35,3,1,1,0.57,0.48,0.2,2,30,58,3,0
247,0.17,3,4,3,0.81,0.25,0.16,1,15,7,1,0
862,0.35,1,3,3,0.41,0.72,0.45,1,37,15,2,0
471,0.3,3,2,1,0.58,0.71,0.81,1,17,40,3,1
661,0.34,2,5,2,0.3,0.69,0.52,2,5,54,3,0
923,0.3,3,5,2,0.88,0.27,0.23,0,33,29,1,0
636,0.22,3,3,1,0.25,0.28,0.62,0,26,86,3,0
120,0.49,1,4,1,0.21,0.45,0.46,1,2,55,2,0
927,0.22,3,2,1,0.5,0.71,0.64,1,33,97,1,1
148,0.4,2,1,1,0.68,0.62,0.42,2,17,83,3,0
327,0.41,3,2,3,0.61,0.46,0.86,2,26,63,1,0
141,0.14,1,5,3,0.16,0.87,0.39,0,11,33,2,1
879,0.08,1,1,1,0.61,0.6,0.62,0,48,32,1,1
73,0.23,2,4,1,0.46,0.75,0.56,1,44,95,1,1
633,0.33,2,5,1,0.55,0.94,0.36,0,31,50,2,1
873,0.45,1,1,1,0.15,0.92,0.22,2,1,25,3,0
54,0.39,1,5,3,0.43,0.91,0.63,2,34,71,2,0
151,0.37,2,4,2,0.37,0.26,0.85,2,42,7,1,0
351,0.47,2,3,2,0.13,0.39,0.15,2,28,97,1,0
240,0.11,3,5,1,0.18,0.46,0.34,1,18,46,1,1
304,0.22,3,3,1,0.55,0.32,0.24,1,3,90,3,0
405,0.29,3,2,2,0.52,0.98,0.27,0,42,37,1,1
143,0.47,3,1,1,0.59,0.6,0.85,2,48,65,3,0
642,0.08,2,4,2,0.1,0.28,0.72,2,30,40,2,1
116,0.35,2,5,2,0.17,0.73,0.9,2,14,63,3,0
193,0.15,1,4,2,0.58,0.41,0.81,0,3,7,5,0
102,0.37,1,5,3,0.56,0.39,0.26,0,12,82,1,0
600,0.41,1,3,1,0.75,0.51,0.45,2,25,84,2,0
345,0.41,2,5,1,0.55,1.0,0.55,0,27,38,2,1
288,0.33,2,4,1,0.75,0.84,0.74,2,12,67,3,1
362,0.27,1,1,3,0.39,0.47,0.14,0,3,55,1,0
725,0.46,1,1,1,0.53,0.66,0.25,1,36,19,3,0
262,0.25,1,4,3,0.1,0.71,0.16,2,2,88,2,0
934,0.45,3,3,1,0.86,0.62,0.3,2,30,52,3,0
731,0.2,1,4,1,0.33,0.87,0.35,0,43,29,1,1
646,0.22,1,2,3,0.54,0.71,0.19,2,27,22,2,0
492,0.48,3,5,2,0.87,0.49,0.27,1,37,10,1,0
869,0.06,2,5,1,0.54,0.41,0.68,0,37,25,1,1
939,0.5,1,2,1,0.25,0.43,0.18,1,5,44,2,0
658,0.06,2,3,3,0.52,0.48,0.4,0,4,16,2,1
907,0.23,2,4,2,0.43,0.76,0.38,0,21,46,2,1
410,0.21,3,2,3,0.4,0.35,0.64,0,38,38,1,0
208,0.13,2,2,3,0.81,0.44,0.29,0,38,70,2,1
263,0.45,1,5,2,0.69,0.74,0.8,2,13,34,2,0
187,0.21,1,4,3,0.76,1.0,0.81,1,16,56,2,1
679,0.29,2,5,1,0.15,0.55,0.46,1,12,10,3,1
109,0.39,1,2,3,0.57,0.39,0.55,0,41,10,1,0
193,0.18,2,5,2,0.46,0.56,0.7,2,32,33,1,1
704,0.39,2,4,3,0.9,0.75,0.27,0,21,14,1,0
185,0.3,2,4,3,0.69,0.73,0.44,0,43,65,2,0
957,0.22,2,2,3,0.16,0.94,0.13,1,31,57,2,1
720,0.32,1,2,1,0.88,0.68,0.82,0,30,86,3,1
752,0.17,1,1,1,0.75,0.88,0.14,0,2,80,10,1
271,0.19,2,5,1,0.43,0.32,0.83,0,34,80,2,1
731,0.3,3,3,2,0.75,0.54,0.12,1,19,76,2,0
66,0.34,3,1,3,0.42,0.88,0.89,2,41,76,2,0
426,0.27,3,5,1,0.25,0.55,0.41,0,25,53,3,1
562,0.14,2,2,3,0.15,0.31,0.89,1,17,61,2,0
722,0.46,3,3,2,0.44,0.51,0.86,2,11,82,2,0
845,0.49,3,1,1,0.47,0.79,0.39,1,14,82,3,0
237,0.41,1,3,2,0.46,0.77,0.43,2,33,32,2,0
944,0.26,2,2,2,0.69,0.96,0.3,1,49,90,1,1
132,0.17,1,1,1,0.89,0.34,0.22,1,30,62,2,1
851,0.2,3,1,2,0.12,0.44,0.79,0,48,68,2,0
498,0.22,3,5,3,0.22,0.73,0.31,0,9,42,2,0
224,0.19,2,5,2,0.27,0.2,0.47,1,4,46,2,0
405,0.21,2,4,1,0.3,0.56,0.75,2,10,41,5,1
781,0.47,2,3,1,0.27,0.92,0.38,0,11,31,5,0
288,0.17,3,1,3,0.47,0.78,0.56,2,48,42,1,1
373,0.3,3,2,1,0.66,0.89,0.66,1,7,27,9,0
681,0.37,3,1,3,0.14,0.92,0.77,0,7,12,2,0
926,0.47,1,5,2,0.45,0.77,0.24,1,32,77,2,0
196,0.29,1,5,1,0.56,0.73,0.15,0,16,59,2,1
841,0.09,2,3,2,0.51,0.6,0.9,2,47,72,1,1
425,0.15,2,2,2,0.67,0.97,0.55,0,33,56,1,1
357,0.46,3,5,1,0.22,0.64,0.63,2,19,60,3,0
577,0.48,1,3,2,0.67,0.35,0.86,0,4,48,1,0
332,0.08,1,5,2,0.6,0.33,0.88,0,10,72,2,1
633,0.19,1,4,2,0.86,0.86,0.23,1,44,14,1,1
366,0.18,1,1,2,0.73,0.46,0.12,0,4,6,2,0
769,0.32,3,4,2,0.3,0.94,0.82,0,11,29,3,0
397,0.31,3,4,1,0.47,0.62,0.44,1,6,41,4,0
875,0.26,3,2,2,0.83,0.48,0.24,1,14,15,2,0
784,0.36,2,1,2,0.17,0.29,0.4,2,50,25,1,0
975,0.19,2,5,1,0.65,0.53,0.19,0,15,94,3,1
117,0.15,2,4,2,0.88,0.46,0.79,0,49,15,1,1
181,0.35,1,4,3,0.81,0.49,0.15,1,5,86,1,0
496,0.19,3,4,2,0.26,0.24,0.38,0,11,58,1,0
423,0.5,2,2,3,0.8,0.59,0.64,1,6,44,1,0
129,0.2,2,3,1,0.74,0.93,0.35,0,24,53,1,1
605,0.4,2,5,3,0.84,0.61,0.8,1,29,6,1,0
508,0.13,2,1,1,0.62,0.82,0.3,2,13,58,2,1
753,0.5,1,3,1,0.63,0.99,0.83,1,34,85,3,1
701,0.1,3,4,1,0.28,0.26,0.48,2,43,10,1,1
866,0.11,2,2,1,0.58,0.86,0.73,1,9,78,1,1
82,0.16,2,2,2,0.34,0.81,0.87,2,32,45,1,1
255,0.26,3,1,2,0.74,1.0,0.84,2,17,79,2,1
863,0.09,2,4,1,0.72,0.28,0.31,2,19,17,2,1
356,0.5,1,4,1,0.2,0.87,0.5,0,34,62,3,1
733,0.05,2,4,1,0.75,0.2,0.52,0,11,85,2,1
834,0.35,1,1,3,0.55,0.71,0.19,2,37,28,1,0
762,0.15,3,4,2,0.46,0.9,0.49,2,49,50,1,1
553,0.07,1,5,2,0.81,0.85,0.18,0,45,27,1,1
109,0.34,2,2,3,0.73,0.81,0.9,0,28,3,2,0
255,0.1,2,1,3,0.37,0.48,0.31,2,44,67,1,1
61,0.09,1,4,1,0.35,0.47,0.53,1,24,99,1,1
715,0.33,1,1,2,0.68,1.0,0.74,0,37,52,2,1
578,0.4,2,2,1,0.1,0.4,0.11,1,46,41,2,0
969,0.23,1,3,2,0.3,0.58,0.82,1,34,92,2,1
220,0.5,1,2,3,0.21,0.27,0.78,1,15,39,1,0
965,0.36,2,5,1,0.62,0.52,0.14,2,3,48,3,0
178,0.25,1,1,2,0.52,0.48,0.13,2,29,79,2,0
964,0.36,1,1,2,0.3,0.54,0.71,2,13,14,1,0
112,0.5,2,5,1,0.38,0.3,0.49,0,34,14,2,0
439,0.49,2,3,1,0.6,0.62,0.74,2,42,31,3,0
704,0.43,1,2,2,0.21,0.67,0.65,0,34,30,2,0
637,0.37,2,3,3,0.43,0.64,0.88,0,12,67,1,0
147,0.4,2,3,1,0.37,0.68,0.24,1,36,63,4,0
143,0.21,3,3,1,0.46,0.77,0.89,0,35,3,1,1
861,0.12,2,3,3,0.12,0.45,0.17,1,31,85,3,1
648,0.16,3,5,3,0.19,0.52,0.61,2,15,24,2,1
176,0.43,3,3,2,0.11,0.8,0.24,0,30,94,2,0
88,0.22,2,3,2,0.25,0.78,0.21,1,33,63,2,1
937,0.41,2,4,1,0.26,0.62,0.68,1,19,88,3,0
748,0.41,3,2,1,0.55,0.66,0.49,2,4,10,3,0
456,0.26,2,5,2,0.11,0.6,0.26,2,25,39,5,0
526,0.19,3,4,2,0.87,0.53,0.64,1,33,33,1,1
973,0.26,3,3,1,0.15,0.97,0.45,2,45,56,1,1
657,0.44,2,1,1,0.8,0.42,0.16,1,28,18,2,0
746,0.32,2,1,2,0.3,0.46,0.14,2,40,93,1,0
811,0.27,1,2,2,0.73,0.98,0.43,1,33,16,2,1
730,0.26,2,4,2,0.26,0.29,0.32,2,1,4,1,0
353,0.33,1,5,2,0.18,0.76,0.31,2,16,61,3,0
714,0.07,3,1,2,0.66,0.36,0.72,0,48,41,1,1
904,0.21,1,3,3,0.34,0.34,0.67,2,14,2,2,0
737,0.14,2,2,1,0.89,0.88,0.37,0,34,41,1,1
